=== 开始断点续训 (Resumable Training) 精确性与消融对比 ===
[基准轨迹] Step 1 消耗样本: ['sample_000', 'sample_001', 'sample_002', 'sample_003'], Loss: 1.769197
[基准轨迹] Step 2 消耗样本: ['sample_004', 'sample_005', 'sample_006', 'sample_007'], Loss: 2.111193
[完整恢复] Step 2 消耗样本: ['sample_004', 'sample_005', 'sample_006', 'sample_007'], Loss: 2.111193
  -> 与基准绝对误差: Loss差=0.00e+00, 梯度差=0.00e+00, 参数最大差=0.00e+00

[消融反例 1: 缺优化器状态] Step 2 Loss: 2.111193, 与基线参数最大差异: 0.001668
[消融反例 2: 缺数据游标] Step 2 实际消费样本: ['sample_000', 'sample_001', 'sample_002', 'sample_003'] (基线应为: ['sample_004', 'sample_005', 'sample_006', 'sample_007'])
[消融反例 3: 缺 RNG 状态] Step 2 Loss 偏差: 0.002334
{
  "test_suite": "Resumable_Training_State_Verification",
  "baseline_trajectory": {
    "step_1": {
      "sample_ids": [
        "sample_000",
        "sample_001",
        "sample_002",
        "sample_003"
      ],
      "loss": 1.7691969871520996,
      "grad_norm": 0.5879035592079163,
      "gradients": {
        "q_proj.weight": [
          [
            0.005207345355302095,
            0.00110262306407094,
            -0.010855968110263348,
            -0.0041955141350626945,
            -0.0047995164059102535,
            0.0026020752266049385,
            0.0020695996936410666,
            0.003664344782009721,
            0.0056821685284376144,
            -0.00010011113045038655,
            -0.00394435552880168,
            0.004080135840922594,
            0.004129468929022551,
            0.002147695980966091,
            -0.005584969650954008,
            -0.0012050190707668662
          ],
          [
            -0.009094245731830597,
            -0.001904554315842688,
            0.008179235272109509,
            0.004842527210712433,
            0.0048698196187615395,
            -0.003141168039292097,
            0.0013343383325263858,
            -0.002735229441896081,
            -0.0013680675765499473,
            0.006470788735896349,
            0.005905854981392622,
            -0.005340476520359516,
            -0.014065359719097614,
            0.0004305562761146575,
            0.0056404476054012775,
            -2.447079350531567e-05
          ],
          [
            0.0007051972206681967,
            -0.0015982913319021463,
            0.0067003886215388775,
            0.00456220842897892,
            0.0046967193484306335,
            0.0011644818587228656,
            0.0005070437910035253,
            -0.0022783800959587097,
            0.000746025238186121,
            0.0020538663957268,
            -0.0032552198972553015,
            -0.0020265039056539536,
            -0.010712704621255398,
            -0.00036555741098709404,
            0.0005253683775663376,
            -0.0014246413484215736
          ],
          [
            0.0023916715290397406,
            -0.0008246161160059273,
            0.0027780591044574976,
            0.003806144231930375,
            0.0020152791403234005,
            -0.0018244523089379072,
            -0.0005041304975748062,
            -0.0034022789914160967,
            -0.00407917145639658,
            0.0012143459171056747,
            -0.0014717020094394684,
            0.0011506055016070604,
            -0.00041770937968976796,
            -0.000622105086222291,
            -0.0025156259071081877,
            0.0023056864738464355
          ],
          [
            0.0016216726507991552,
            0.004384864587336779,
            -0.01179297175258398,
            -0.011469766497612,
            -0.005683138966560364,
            0.006576801650226116,
            0.0003145444788970053,
            0.0051597170531749725,
            0.0067363642156124115,
            -0.0043289316818118095,
            0.0003718259686138481,
            0.005940448027104139,
            0.008874144405126572,
            0.000325829372741282,
            -0.005443662405014038,
            -0.001587741426192224
          ],
          [
            -0.006432374939322472,
            -0.0016024537617340684,
            -0.0012756568612530828,
            -0.0010275705717504025,
            -0.0003651182050816715,
            -0.001537752221338451,
            0.0024792123585939407,
            0.00022490229457616806,
            0.0027610822580754757,
            0.007581603247672319,
            0.005540165584534407,
            -0.0004229424230288714,
            -0.008536373265087605,
            0.0012123184278607368,
            0.0012424960732460022,
            0.0001584626006660983
          ],
          [
            0.00024475163081660867,
            -0.0025457916781306267,
            0.004719892051070929,
            0.0017882302636280656,
            0.002026657573878765,
            0.0001438144827261567,
            0.00043380080023780465,
            3.9313355955528095e-05,
            0.002485031494870782,
            0.0023937667720019817,
            -0.002239840105175972,
            -0.0023492847103625536,
            -0.007509143557399511,
            -0.0007445715018548071,
            0.0031554510351270437,
            -0.002042077947407961
          ],
          [
            -0.011081187054514885,
            -0.0035607093013823032,
            0.015626173466444016,
            0.01129993423819542,
            0.005965292453765869,
            -0.011021907441318035,
            -0.002216409659013152,
            -0.008757350035011768,
            -0.016787707805633545,
            0.007076170761138201,
            0.012281707488000393,
            -0.005804646294564009,
            -0.004385162144899368,
            -0.0016276042442768812,
            0.006018591113388538,
            0.006974807009100914
          ],
          [
            0.0026452101301401854,
            0.003290807828307152,
            -0.004039176739752293,
            -0.005001513287425041,
            -0.002635220531374216,
            0.001434069941751659,
            -0.0017684058984741569,
            0.0013608754379674792,
            -0.003832235699519515,
            -0.003999113105237484,
            0.0006335995276458561,
            0.003142307512462139,
            0.010463029146194458,
            -8.141652506310493e-05,
            -0.004104560241103172,
            0.0024917421396821737
          ],
          [
            -0.008836043998599052,
            -0.002973228460177779,
            0.0029216071125119925,
            0.002277387073263526,
            0.00048513407818973064,
            -0.0032785101793706417,
            0.0013607620494440198,
            -0.00070861482527107,
            -0.0006802625139243901,
            0.006467526778578758,
            0.007220257539302111,
            -0.002764015691354871,
            -0.007275746203958988,
            0.0008144467719830573,
            0.004649106878787279,
            0.00032019102945923805
          ],
          [
            8.678451558807865e-05,
            0.0007689944468438625,
            -0.005516350269317627,
            -0.00469210185110569,
            -0.0034272780176252127,
            0.0002148798666894436,
            0.0014595690881833434,
            0.002345586195588112,
            0.0002684129576664418,
            0.004467210732400417,
            0.0024271237198263407,
            0.0020020862575620413,
            0.00058168318355456,
            0.001535066869109869,
            -0.0038854654412716627,
            0.0013637961819767952
          ],
          [
            0.0015816842205822468,
            -0.0002953333023469895,
            -0.0028742430731654167,
            -0.0012098064180463552,
            -0.0009623367805033922,
            0.0032520547974854708,
            0.0011338692856952548,
            0.003098207525908947,
            0.008306259289383888,
            -0.0027006773743778467,
            -0.004311466123908758,
            -0.0007353352848440409,
            -0.0019101629732176661,
            0.00031848702928982675,
            0.002099927980452776,
            -0.00479112658649683
          ],
          [
            -0.0068536424078047276,
            -0.0006011005607433617,
            0.006847656797617674,
            0.0047788480296730995,
            0.0027763566467911005,
            -0.007333097979426384,
            -0.0014433665201067924,
            -0.0058721206150949,
            -0.012012780643999577,
            0.004446907434612513,
            0.009109754115343094,
            -0.0015638488112017512,
            0.0006367348250932992,
            -0.0008137974655255675,
            0.0014974323567003012,
            0.006400059908628464
          ],
          [
            0.004990206565707922,
            0.0002601200249046087,
            0.0007067285478115082,
            0.0012163243955001235,
            0.00047469520359300077,
            0.0006413525552488863,
            -0.00011638129944913089,
            0.0007045141537673771,
            0.0006001876899972558,
            -0.0019863403867930174,
            -0.005007386673241854,
            -0.0011687962105497718,
            0.0006066180649213493,
            -4.4707165216095746e-05,
            -0.0004750224470626563,
            -0.0014021112583577633
          ],
          [
            -0.006738399155437946,
            -0.0006902868044562638,
            0.004840231966227293,
            0.0005706898518837988,
            0.0013617556542158127,
            0.00039337907219305634,
            4.86802491650451e-05,
            -0.0008014771156013012,
            -0.004734272137284279,
            0.005100877955555916,
            0.006971618160605431,
            -0.001235623494721949,
            -0.006487072911113501,
            0.0006553898565471172,
            -0.0007533241878263652,
            0.0014978338731452823
          ],
          [
            -0.004451157059520483,
            -0.00017530862533021718,
            -2.090359885187354e-05,
            0.0005850680754519999,
            -0.00024095620028674603,
            -0.000984117155894637,
            0.0011049468303099275,
            0.00013197521911934018,
            -0.0015577943995594978,
            0.003888889914378524,
            0.004597235005348921,
            -0.0008888025186024606,
            -0.003302592085674405,
            0.0013054662849754095,
            -0.000581171887461096,
            0.000589221075642854
          ]
        ],
        "k_proj.weight": [
          [
            0.0006252449238672853,
            -0.006381343584507704,
            -0.004285580012947321,
            -0.010616239160299301,
            0.0016753905219957232,
            -0.003130839904770255,
            0.004244829062372446,
            -0.007325892802327871,
            -0.005435288418084383,
            0.007170765195041895,
            0.010324360802769661,
            0.008650658652186394,
            0.0016804198967292905,
            -0.005067103076726198,
            -0.003436100436374545,
            0.011306715197861195
          ],
          [
            0.00857859943062067,
            0.002746809972450137,
            -0.001989652868360281,
            0.0013868414098396897,
            -0.0036481597926467657,
            0.0037205233238637447,
            -0.0019904107321053743,
            0.005281610880047083,
            0.006142001133412123,
            -0.007040757220238447,
            -0.010120845399796963,
            -0.001808744273148477,
            0.004806519486010075,
            -0.00024272568407468498,
            8.499686373397708e-06,
            -0.005830105394124985
          ],
          [
            0.007699137087911367,
            0.003806028049439192,
            -0.004838237538933754,
            -0.005536931566894054,
            -0.0035836047027260065,
            0.0015149835962802172,
            0.0017612631199881434,
            0.0038484768010675907,
            0.005090516991913319,
            -0.0012016085674986243,
            -0.0036084186285734177,
            -0.002900527324527502,
            0.002227440243586898,
            -0.0028287232853472233,
            0.00111926079262048,
            -0.0025690547190606594
          ],
          [
            -0.002832641825079918,
            -0.0038140329997986555,
            -0.00033801671816036105,
            -5.524386142496951e-05,
            0.0017000290099531412,
            -0.0007634286303073168,
            0.00019880759646184742,
            -0.0029802422504872084,
            -0.00024068581114988774,
            0.0017205856274813414,
            0.003558665281161666,
            1.2159917787357699e-05,
            -0.00293443794362247,
            0.0019134236499667168,
            0.00287445355206728,
            0.0019806046038866043
          ],
          [
            0.00495423236861825,
            -0.007250505033880472,
            -0.0018935761181637645,
            -0.007504559587687254,
            0.002506639575585723,
            -0.00021010308410041034,
            -0.00017171070794574916,
            -0.0056332009844481945,
            -0.005127597600221634,
            -0.0008067560847848654,
            0.0027242510113865137,
            0.012268451042473316,
            0.007045543286949396,
            -0.0037653406616300344,
            -0.006948466412723064,
            0.00981269869953394
          ],
          [
            0.003525830339640379,
            -0.004721025936305523,
            0.0037741539999842644,
            0.0004729587526526302,
            0.002844787435606122,
            -0.0004497924237512052,
            -0.0049213203601539135,
            -0.0020998534746468067,
            -0.0017314082942903042,
            -0.005000043194741011,
            -0.0020737070590257645,
            0.008855178952217102,
            0.004133525770157576,
            -0.002802303060889244,
            -0.004122509155422449,
            0.004315529018640518
          ],
          [
            -0.003621223382651806,
            -0.004575191531330347,
            0.00011457895743660629,
            -0.0037113267462700605,
            0.002630542265251279,
            -0.0034277921076864004,
            0.0021439846605062485,
            -0.005140257067978382,
            -0.007196472026407719,
            0.005444697570055723,
            0.007961004972457886,
            0.009192399680614471,
            0.0010079455096274614,
            -0.0036253572907298803,
            -0.00588855380192399,
            0.008691017515957355
          ],
          [
            0.002249118173494935,
            -0.000300352432532236,
            0.003715201048180461,
            0.0038070559967309237,
            0.0003800910199061036,
            0.0027636277955025434,
            -0.003974383231252432,
            0.0015052641974762082,
            -0.0013299211859703064,
            -0.005991026759147644,
            -0.005037067458033562,
            0.0023263266775757074,
            0.0037793207447975874,
            0.0007742893067188561,
            -0.0032781765330582857,
            -0.0013893651776015759
          ],
          [
            0.005218100268393755,
            0.003052489133551717,
            -0.0033323282841593027,
            0.002795243402943015,
            -0.0015678657218813896,
            0.0011259677121415734,
            -9.190166019834578e-05,
            0.0034820609726011753,
            0.003646457102149725,
            -0.0058944812044501305,
            -0.011665420606732368,
            0.0029702833853662014,
            0.007612415589392185,
            0.001107916352339089,
            -0.004268901888281107,
            -0.00419003376737237
          ],
          [
            0.0006722916150465608,
            0.003521412145346403,
            0.0019076900789514184,
            0.003120673820376396,
            -0.0008195554837584496,
            0.00042725069215521216,
            -0.002458718838170171,
            0.0029462026432156563,
            0.006194263696670532,
            -0.0023325798101723194,
            -0.0034224148839712143,
            -0.00855228491127491,
            -0.004432533401995897,
            0.0020631584338843822,
            0.007248964160680771,
            -0.0060838209465146065
          ],
          [
            0.003215968608856201,
            9.238503844244406e-05,
            -0.0063146078027784824,
            -0.004286427982151508,
            -0.0009456939296796918,
            -0.001292821136303246,
            0.004140863660722971,
            -0.00010875567386392504,
            -0.0005511017516255379,
            0.001737609039992094,
            -0.0019259033724665642,
            0.006555871572345495,
            0.0053247734904289246,
            -0.002552946098148823,
            -0.005740853026509285,
            0.002651639748364687
          ],
          [
            0.010808245278894901,
            -0.005776689853519201,
            0.0035491434391587973,
            -0.0077082994394004345,
            0.000922876235563308,
            0.003455369034782052,
            -0.006159539334475994,
            -0.001294366200454533,
            -0.0004898228216916323,
            -0.0061773881316185,
            0.0015111420070752501,
            0.005774198565632105,
            0.0034001560416072607,
            -0.006064506713300943,
            -0.0016661824192851782,
            0.005915665999054909
          ],
          [
            -0.004965696483850479,
            0.00441826181486249,
            0.002813503611832857,
            0.0008122693398036063,
            0.00010022318747360259,
            -0.00024714035680517554,
            0.0007707006298005581,
            0.0012624565279111266,
            -0.0021806228905916214,
            0.0028559742495417595,
            0.003621845506131649,
            -0.006039652042090893,
            -0.004257982596755028,
            0.001011611777357757,
            0.0019577534403651953,
            -0.0019335063407197595
          ],
          [
            3.6208231904311106e-05,
            0.005940470844507217,
            -0.0015342294936999679,
            0.004345903173089027,
            -0.0026990091428160667,
            -0.0006222220254130661,
            0.0010392707772552967,
            0.00535384239628911,
            0.0054278080351650715,
            -0.0006691372254863381,
            -0.0060592941008508205,
            -0.0046861800365149975,
            -0.0010872603161260486,
            0.00060280627803877,
            0.0016058925539255142,
            -0.006994869094341993
          ],
          [
            0.010947350412607193,
            -0.004463718272745609,
            -0.0043518682941794395,
            -0.011966352351009846,
            0.0011947806924581528,
            -0.0011696494184434414,
            0.0008290010155178607,
            -0.0033593918196856976,
            -0.0042230840772390366,
            -0.0017485189018771052,
            -0.0005670480895787477,
            0.017655670642852783,
            0.012082038447260857,
            -0.009560882113873959,
            -0.012408408336341381,
            0.011110082268714905
          ],
          [
            0.003651376347988844,
            -0.005856054835021496,
            -0.00021062801533844322,
            -0.005008368752896786,
            0.0007704719319008291,
            0.001607283833436668,
            -0.0008413282339461148,
            -0.00425548292696476,
            -0.003283221274614334,
            -0.000796454434748739,
            0.0033324945252388716,
            0.005526282358914614,
            0.00366947241127491,
            -0.0019000365864485502,
            -0.002493836684152484,
            0.0060880305245518684
          ]
        ],
        "v_proj.weight": [
          [
            0.010157864540815353,
            -0.002398190088570118,
            0.008248426951467991,
            -0.019233835861086845,
            -0.019971879199147224,
            0.020714621990919113,
            -0.003989400342106819,
            0.009350351989269257,
            0.006507918704301119,
            0.029705272987484932,
            -0.002023167908191681,
            -0.005531563423573971,
            0.0024669719859957695,
            -0.005722374189645052,
            -0.00558784045279026,
            -0.022693172097206116
          ],
          [
            0.000516476749908179,
            -0.010113881900906563,
            0.021342961117625237,
            -6.280018283177924e-07,
            -0.0009643228258937597,
            0.0003842360165435821,
            0.0021553777623921633,
            -0.0004996874486096203,
            -0.0010179016971960664,
            0.001434889854863286,
            0.007819176651537418,
            -0.01038636639714241,
            0.020438598468899727,
            -0.02410014346241951,
            0.014848682098090649,
            -0.02185746841132641
          ],
          [
            -0.010549267753958702,
            -0.006312008947134018,
            -0.024672066792845726,
            -0.021939966827630997,
            -0.013788719661533833,
            -0.0011328072287142277,
            -0.007517163176089525,
            -0.0010578969959169626,
            0.014604407362639904,
            -0.002393085742369294,
            0.023266857489943504,
            0.010611732490360737,
            0.02426346391439438,
            -0.003672077553346753,
            0.021408110857009888,
            -0.0011195206316187978
          ],
          [
            -0.0015397515380755067,
            0.002700488781556487,
            0.02129838988184929,
            0.017445554956793785,
            0.0102946562692523,
            -0.006432150024920702,
            0.002456306479871273,
            -0.0029016740154474974,
            -0.009854554198682308,
            -0.019568370655179024,
            -0.011555511504411697,
            0.003619616851210594,
            0.0017828908748924732,
            -0.01937584951519966,
            0.005305640399456024,
            0.006324320565909147
          ],
          [
            0.005775660276412964,
            -0.014513096772134304,
            0.0074586994014680386,
            -0.013701181858778,
            -0.013094876892864704,
            0.009936082176864147,
            -0.0008964631124399602,
            -0.0014358572661876678,
            0.0022199174854904413,
            0.01489533856511116,
            0.012710330076515675,
            -0.004620952531695366,
            0.022784339264035225,
            -0.015328023582696915,
            0.00737658841535449,
            -0.019566500559449196
          ],
          [
            0.015317374840378761,
            -0.0030393588822335005,
            0.021564245223999023,
            0.011130659841001034,
            0.0025074349250644445,
            0.003174305660650134,
            0.0035946054849773645,
            -0.00802694447338581,
            -0.022629518061876297,
            0.021693667396903038,
            -0.012997881509363651,
            -0.008354480378329754,
            -0.01621345803141594,
            0.00752999959513545,
            -0.024042725563049316,
            0.008792072534561157
          ],
          [
            0.004254360683262348,
            -0.00998559221625328,
            -0.028128884732723236,
            0.0031026455108076334,
            0.0030983241740614176,
            -0.006435974035412073,
            0.0012481625890359282,
            -0.004794828128069639,
            0.010568837635219097,
            -0.01256468240171671,
            0.010733192786574364,
            0.009704656898975372,
            0.0013120442163199186,
            0.0134306401014328,
            -0.00836707092821598,
            0.012824165634810925
          ],
          [
            -0.007829312235116959,
            0.010614723898470402,
            0.00468321843072772,
            0.004976664669811726,
            0.008350548334419727,
            -0.0070477877743542194,
            -0.0007810494280420244,
            0.0009249824215658009,
            -0.00018252557492814958,
            -0.00936669297516346,
            -0.004888306837528944,
            1.6319469068548642e-05,
            -0.006128763779997826,
            -0.001915937988087535,
            0.006092187948524952,
            0.002481733215972781
          ],
          [
            0.007202220149338245,
            0.010771604254841805,
            0.020842161029577255,
            -0.0007054119487293065,
            -0.008005758747458458,
            0.011531214229762554,
            0.0017714608693495393,
            -0.0024351696483790874,
            -0.01950046792626381,
            0.04036648944020271,
            -0.02505671977996826,
            -0.004185755271464586,
            -0.02870929427444935,
            0.010808570310473442,
            -0.021370770409703255,
            0.00667564058676362
          ],
          [
            0.002571611665189266,
            0.0042191543616354465,
            0.009487878531217575,
            -0.002043298911303282,
            -0.006841856986284256,
            0.00982830673456192,
            -0.0008098267717286944,
            0.005821322090923786,
            -0.0019690366461873055,
            0.005788222420960665,
            -0.01002383604645729,
            0.0006522841285914183,
            -0.004791078623384237,
            -0.006173285655677319,
            -0.0025105823297053576,
            -0.0032059738878160715
          ],
          [
            0.009046793915331364,
            0.008098641410470009,
            0.02539988048374653,
            0.006342855282127857,
            -0.0018344781128689647,
            0.006821447983384132,
            0.00014995536184869707,
            -0.0015958317089825869,
            -0.013898663222789764,
            0.016286898404359818,
            -0.02306254766881466,
            -8.502530545229092e-05,
            -0.016709739342331886,
            -0.005415906198322773,
            -0.014012533240020275,
            0.004468258935958147
          ],
          [
            -0.009500136598944664,
            0.00840756669640541,
            -0.01941833645105362,
            0.022266224026679993,
            0.033187396824359894,
            -0.021918775513768196,
            0.0049588619731366634,
            0.0038476737681776285,
            0.014342163689434528,
            -0.0612674355506897,
            0.00047686105244793,
            0.003768014023080468,
            -0.000348397355992347,
            0.0046928515657782555,
            0.008677663281559944,
            0.007827801629900932
          ],
          [
            0.0034426460042595863,
            -0.005720978137105703,
            -0.022194217890501022,
            -0.012424778193235397,
            -0.009445929899811745,
            0.0005378085188567638,
            -0.001023190445266664,
            -0.006326604634523392,
            0.010161814279854298,
            0.012167212553322315,
            0.004806792829185724,
            0.011473561637103558,
            0.002207385143265128,
            0.008752737194299698,
            -0.0034585909452289343,
            0.007044330704957247
          ],
          [
            0.0025646293070167303,
            -0.005620510317385197,
            -0.018554218113422394,
            -0.02359342761337757,
            -0.021701741963624954,
            0.004273793660104275,
            -0.003991774283349514,
            -0.010448872111737728,
            0.0020127729512751102,
            0.038287922739982605,
            0.009126855991780758,
            0.009026282466948032,
            0.0022513598669320345,
            0.01109464094042778,
            -0.0031802908051759005,
            0.00845257192850113
          ],
          [
            0.0011512975906953216,
            0.008123879320919514,
            0.0044557019136846066,
            -0.013162008486688137,
            -0.02054896391928196,
            0.006144453305751085,
            -0.0041627781465649605,
            -0.013576149009168148,
            -0.019070148468017578,
            0.05334019660949707,
            -0.013061446137726307,
            0.010175488889217377,
            -0.021616535261273384,
            0.013773128390312195,
            -0.015532932244241238,
            0.023566819727420807
          ],
          [
            0.015196145512163639,
            -0.010996091179549694,
            0.015778496861457825,
            0.015047617256641388,
            0.012439138256013393,
            0.002462132601067424,
            0.00538124842569232,
            0.007200242951512337,
            0.008810224011540413,
            -0.0309488195925951,
            -0.005158201325684786,
            -0.006428325083106756,
            0.01500315684825182,
            -0.02300167642533779,
            -0.00014628173084929585,
            -0.020639000460505486
          ]
        ],
        "o_proj.weight": [
          [
            0.0033118182327598333,
            0.010715439915657043,
            0.0033480790443718433,
            -0.002035383367910981,
            -0.011930370703339577,
            -0.011288550682365894,
            -0.004859164822846651,
            0.009950673207640648,
            0.004812304861843586,
            0.0009686166886240244,
            -0.005181094631552696,
            -0.004355482291430235,
            -0.005770578980445862,
            -0.0030089605133980513,
            -0.004594988189637661,
            0.0065093678422272205
          ],
          [
            -0.006754728965461254,
            0.007214149925857782,
            0.0005218451260589063,
            0.006207253318279982,
            -0.000407356332289055,
            0.005274603143334389,
            -0.0014903186820447445,
            -0.001383376307785511,
            0.0020092553459107876,
            -0.005637133959680796,
            -0.0022074298467487097,
            -0.017896709963679314,
            0.006986444815993309,
            0.0008456683717668056,
            0.009547395631670952,
            -0.00990209635347128
          ],
          [
            0.011728786863386631,
            0.00837753526866436,
            -0.0062284511514008045,
            -0.007323058322072029,
            0.01587248034775257,
            0.017804214730858803,
            -0.012714628130197525,
            0.018673427402973175,
            0.000680148194078356,
            0.0031545499805361032,
            0.009544040076434612,
            0.0101429158821702,
            0.006787188816815615,
            -0.01565798744559288,
            0.01907985657453537,
            0.03382838889956474
          ],
          [
            0.011827480979263783,
            -0.0054368614219129086,
            -0.009438531473279,
            -0.003791160648688674,
            0.0011466522701084614,
            -0.0023492109030485153,
            -0.003544245148077607,
            -0.0007661819108761847,
            -0.004531745333224535,
            0.0038196283858269453,
            0.0012833268847316504,
            0.02600775845348835,
            0.004303442779928446,
            -0.006461085751652718,
            -0.0007408765377476811,
            0.00920488778501749
          ],
          [
            0.0033132112585008144,
            -0.010419068858027458,
            -0.0009026550687849522,
            -0.0031359181739389896,
            0.010794132947921753,
            0.018544014543294907,
            -0.002559828804805875,
            0.005491319578140974,
            0.0004102747479919344,
            0.007851098664104939,
            0.010744329541921616,
            0.015350034460425377,
            0.005892517045140266,
            -0.0070206173695623875,
            0.008165366016328335,
            0.006954083684831858
          ],
          [
            -0.0019990382716059685,
            0.012819776311516762,
            -0.00016617010987829417,
            0.008508601225912571,
            0.0016213108319789171,
            -0.0073582944460213184,
            0.0023285462521016598,
            0.004795412067323923,
            -0.00887992512434721,
            -0.013000301085412502,
            -0.008311785757541656,
            -0.007845896296203136,
            0.00216930964961648,
            0.006216223817318678,
            -0.0005787296686321497,
            -0.01010396983474493
          ],
          [
            0.0013930278364568949,
            -0.03184892237186432,
            -0.0020555665250867605,
            -0.009146448224782944,
            0.003144967369735241,
            0.005395697895437479,
            0.011038202792406082,
            -0.015992118045687675,
            -0.014434192329645157,
            0.003437813138589263,
            0.012914092279970646,
            0.0423540398478508,
            -0.007168299984186888,
            0.005228348076343536,
            -0.014327293261885643,
            -0.011601326987147331
          ],
          [
            0.008158053271472454,
            -0.00032887584529817104,
            -0.0021852327045053244,
            -0.00494269747287035,
            0.006388423498719931,
            -0.0016166713321581483,
            -0.007785377092659473,
            0.00902053527534008,
            -0.010705369524657726,
            -0.006201995071023703,
            -0.006173626519739628,
            0.012723974883556366,
            0.0034335076343268156,
            -0.002336743753403425,
            0.00013567021233029664,
            0.015896610915660858
          ],
          [
            -0.0051657892763614655,
            0.001005964819341898,
            -0.0030137989670038223,
            0.00615367665886879,
            -0.0012546618236228824,
            0.004492639098316431,
            0.0039823902770876884,
            -0.0040411869995296,
            0.0003626341640483588,
            -0.007329802960157394,
            0.0026896013878285885,
            0.0021070351358503103,
            0.0010883565992116928,
            0.004635231103748083,
            0.0017905131680890918,
            -0.014430706389248371
          ],
          [
            -0.0013630111934617162,
            0.03378180041909218,
            -0.01917327009141445,
            0.011102957651019096,
            -0.005391382612287998,
            -0.010759050957858562,
            -0.015221452340483665,
            -0.0008123763836920261,
            0.02438202314078808,
            -0.005387839861214161,
            -0.006613580975681543,
            -0.04226717725396156,
            0.003214568831026554,
            -0.009363614022731781,
            0.02285950258374214,
            0.005232622381299734
          ],
          [
            -0.013388028368353844,
            0.004408013541251421,
            0.01038320641964674,
            0.012405609712004662,
            -1.8741743588179816e-06,
            -0.01463870145380497,
            0.010677529498934746,
            -0.01387787889689207,
            -0.004515167325735092,
            -0.005058593116700649,
            -0.00443213852122426,
            -0.02424762211740017,
            0.0005450487951748073,
            0.02027714066207409,
            -0.010702237486839294,
            -0.025745868682861328
          ],
          [
            0.007009882479906082,
            -0.02201526053249836,
            0.0028032856062054634,
            -0.007036296185106039,
            0.006844755727797747,
            0.0017958797980099916,
            -0.0008749382104724646,
            -0.0036346609704196453,
            -0.010614902712404728,
            0.01364831067621708,
            0.004314027726650238,
            0.022836703807115555,
            0.004169519990682602,
            -0.00314253824763,
            -0.011157752014696598,
            0.005894164554774761
          ],
          [
            0.004547087009996176,
            -0.004384079482406378,
            0.006884667091071606,
            -0.008258850313723087,
            0.030060606077313423,
            0.024325402453541756,
            0.00011650681699393317,
            0.01685042306780815,
            -0.018804846331477165,
            -0.012175609357655048,
            0.006208294071257114,
            0.016734853386878967,
            -0.006589904427528381,
            -0.0025423234328627586,
            0.0011277039302513003,
            0.01753324270248413
          ],
          [
            -0.006161414086818695,
            0.010512535460293293,
            -0.0043058861047029495,
            0.0102454898878932,
            -0.018673451617360115,
            -0.02472756616771221,
            0.008573541417717934,
            -0.01244844775646925,
            0.000847638351842761,
            -0.009818446822464466,
            -0.008919007144868374,
            -0.010457965545356274,
            -0.0062357294373214245,
            0.011845284141600132,
            -0.010151466354727745,
            -0.027360016480088234
          ],
          [
            -0.0058169555850327015,
            0.00685081584379077,
            0.004252695012837648,
            0.0057704565115273,
            0.0139798978343606,
            0.01614583469927311,
            0.0007762786117382348,
            0.005105981137603521,
            0.004070034250617027,
            -0.00857492070645094,
            0.0020982371643185616,
            -0.01742672733962536,
            -0.00797896459698677,
            0.0035873702727258205,
            0.008427691645920277,
            -0.0027178763411939144
          ],
          [
            0.0051340521313250065,
            0.002807890996336937,
            -0.0074775330722332,
            -0.005076278932392597,
            -0.005791165865957737,
            -0.010580732487142086,
            -0.01042455155402422,
            -0.0008033172343857586,
            0.005422627087682486,
            0.007638447917997837,
            -0.0019141535740345716,
            -0.005962062161415815,
            -0.002271638484671712,
            -0.008596482686698437,
            0.0012299990048632026,
            0.013427114114165306
          ]
        ],
        "norm1.weight": [
          0.011603119783103466,
          -0.008095236495137215,
          0.01429644227027893,
          0.010154605843126774,
          0.008426030166447163,
          0.005608282517641783,
          0.002217269502580166,
          0.010382162407040596,
          0.005280560348182917,
          -0.0004449775442481041,
          0.02650562860071659,
          0.002114666625857353,
          0.0076998635195195675,
          -0.002513542305678129,
          -0.004346515517681837,
          0.014963367953896523
        ],
        "norm1.bias": [
          -0.009226699359714985,
          -0.004179737996309996,
          -0.020976798608899117,
          -0.0011453735642135143,
          -0.0038916636258363724,
          -0.010192873887717724,
          0.011537235230207443,
          -0.03942223638296127,
          0.003640563227236271,
          -0.02402605302631855,
          0.0131112951785326,
          -0.006868095137178898,
          0.011581171303987503,
          0.009368405677378178,
          -0.022134240716695786,
          -0.002532858867198229
        ],
        "fc1.weight": [
          [
            0.005034209694713354,
            -2.6769434043671936e-05,
            0.02299032360315323,
            0.0056119756773114204,
            -0.0022571056615561247,
            0.004744207952171564,
            -0.013831600546836853,
            0.005018327850848436,
            0.0006647878908552229,
            0.0034304154105484486,
            -0.0020388963166624308,
            0.009931751526892185,
            -0.01619718037545681,
            -0.017805254086852074,
            -0.010761466808617115,
            0.005492269527167082
          ],
          [
            0.008064672350883484,
            -0.00925490539520979,
            -0.004402397200465202,
            0.010989241302013397,
            0.021831484511494637,
            -0.016101909801363945,
            -0.0007109755533747375,
            -0.019293060526251793,
            -0.018179316073656082,
            -0.024912154302001,
            -0.011124921962618828,
            0.02129192277789116,
            0.009327653795480728,
            0.015753725543618202,
            -0.008465506136417389,
            0.025186441838741302
          ],
          [
            -0.022852730005979538,
            0.0005185312475077808,
            0.0035694469697773457,
            0.017375117167830467,
            -0.009781117551028728,
            0.0045009274035692215,
            -0.0006965721258893609,
            0.016633056104183197,
            0.01848001778125763,
            0.006998303811997175,
            0.0009745521238073707,
            0.007368272636085749,
            -0.025955090299248695,
            -0.006401602178812027,
            -0.0018532227259129286,
            -0.008877890184521675
          ],
          [
            0.0006240868824534118,
            0.008066121488809586,
            0.004798613954335451,
            -0.0029206688050180674,
            0.003995485603809357,
            -0.004039968829602003,
            -0.005760447587817907,
            -0.0012835935922339559,
            0.0006599389598704875,
            0.005877187941223383,
            -0.0015391528140753508,
            0.0013600245583802462,
            -0.011112733744084835,
            -0.0003531895054038614,
            -0.004436522256582975,
            0.00606481684371829
          ],
          [
            0.015355666168034077,
            -0.01923808641731739,
            0.03819914907217026,
            0.0010919462656602263,
            -0.003901052288711071,
            0.007234064396470785,
            -0.02209341898560524,
            -0.011114452965557575,
            -0.019230151548981667,
            -0.011959192343056202,
            0.005994428880512714,
            0.003555075731128454,
            0.012419527396559715,
            -0.024092381820082664,
            0.009919172152876854,
            0.01785971224308014
          ],
          [
            0.006290597841143608,
            0.0017400819342583418,
            -0.001296831527724862,
            -0.0028138323687016964,
            0.0059203943237662315,
            0.0038733244873583317,
            -0.0017037250800058246,
            -0.007669656537473202,
            0.006921309046447277,
            -0.012217095121741295,
            -0.00418184045702219,
            -0.013143358752131462,
            0.0022231091279536486,
            0.008604864589869976,
            0.014916786924004555,
            -0.007464127149432898
          ],
          [
            -0.00760037824511528,
            -0.022950565442442894,
            -0.004265780095010996,
            0.01489794161170721,
            -0.008834714069962502,
            -0.0070429653860628605,
            0.011099721305072308,
            -0.015512755140662193,
            -0.020005784928798676,
            0.0030186518561095,
            0.019311657175421715,
            0.013704432174563408,
            0.009870054200291634,
            0.005552785471081734,
            -0.014706412330269814,
            0.02346412092447281
          ],
          [
            -0.013776945881545544,
            -0.0015791654586791992,
            0.0008447694126516581,
            0.02354446053504944,
            0.001973074162378907,
            0.004357077181339264,
            0.004749492276459932,
            0.0025807104539126158,
            -0.015796499326825142,
            0.013531816191971302,
            -0.013703540898859501,
            0.0013254210352897644,
            -0.016125567257404327,
            0.023466983810067177,
            -0.018144216388463974,
            0.0027521231677383184
          ],
          [
            -0.0036100714933127165,
            0.002962468657642603,
            0.003275164868682623,
            -0.00021872173238079995,
            -0.003411201760172844,
            0.0035017384216189384,
            -0.0002682195045053959,
            0.003468113485723734,
            0.0055704619735479355,
            0.0019621814135462046,
            0.003414067905396223,
            0.0005802011583000422,
            -0.005898270756006241,
            -0.006160240154713392,
            -0.0014996781246736646,
            -0.003667995100840926
          ],
          [
            0.009468619711697102,
            0.00922347605228424,
            -0.006572206970304251,
            -0.02554813027381897,
            0.005598345771431923,
            -0.009048382751643658,
            -0.004024578724056482,
            -0.009368538856506348,
            0.0038620273116976023,
            0.02142372354865074,
            0.006324422545731068,
            -0.012623154558241367,
            -0.012050366960465908,
            0.005610993597656488,
            0.007523675914853811,
            0.01020007487386465
          ],
          [
            -0.00929674506187439,
            0.03045072592794895,
            0.025180324912071228,
            0.0007519792416132987,
            0.01020102296024561,
            -0.0038302659522742033,
            -0.010806777514517307,
            -0.0013563432730734348,
            -0.009312397800385952,
            0.024750500917434692,
            -0.002222868613898754,
            -0.033222746104002,
            -0.042210109531879425,
            0.009349627420306206,
            0.007726507727056742,
            0.003847564337775111
          ],
          [
            0.004127765540033579,
            -1.8814520444720984e-05,
            0.005166880786418915,
            0.006127094849944115,
            0.003024091711267829,
            -0.02019011229276657,
            -0.013851005584001541,
            -0.006416866555809975,
            -0.005105623975396156,
            -0.020604243502020836,
            -0.007674137130379677,
            -0.00141373579390347,
            0.0280255526304245,
            -0.0002815127663780004,
            0.022054079920053482,
            0.007030575070530176
          ],
          [
            -0.005273192189633846,
            0.015152870677411556,
            0.010471194051206112,
            -0.0014872502069920301,
            0.006264249328523874,
            -0.0044645462185144424,
            -0.0010129152797162533,
            -0.0053208027966320515,
            -0.004632373806089163,
            0.021710926666855812,
            -0.006163557525724173,
            0.0036898392718285322,
            -0.025664152577519417,
            -0.0016502686776220798,
            -0.013339652679860592,
            0.011719632893800735
          ],
          [
            0.0011362123768776655,
            -0.008130218833684921,
            -0.011672575026750565,
            -0.003685127478092909,
            -0.008035660721361637,
            -0.0009441502625122666,
            0.003075527725741267,
            -0.002341947052627802,
            -0.0039199222810566425,
            0.01752166822552681,
            -0.004628787748515606,
            0.008674630895256996,
            0.006311305798590183,
            0.0025721448473632336,
            -0.0030886686872690916,
            0.007155570667237043
          ],
          [
            -0.013628542423248291,
            -0.0031316415406763554,
            -0.01600710116326809,
            0.01099968608468771,
            -0.0002990630455315113,
            -0.009654338471591473,
            0.02565247006714344,
            0.002234309446066618,
            -0.010769536718726158,
            0.004771061707288027,
            -0.0019793349783867598,
            0.01208401843905449,
            0.006525878328830004,
            0.009756140410900116,
            -0.022610627114772797,
            0.006056625861674547
          ],
          [
            -0.003447930561378598,
            -0.001838217955082655,
            -0.011758329346776009,
            -0.0014274351997300982,
            0.0018612121930345893,
            0.010837173089385033,
            -0.006891174707561731,
            0.002327097114175558,
            0.015277130529284477,
            -0.020927034318447113,
            0.012240055948495865,
            -0.010130808688700199,
            -0.0016744646709412336,
            0.015599092468619347,
            0.013593713752925396,
            -0.013640082441270351
          ],
          [
            0.007626575883477926,
            0.0031653062906116247,
            0.017766421660780907,
            0.011849147267639637,
            0.012594151310622692,
            -0.01799832656979561,
            -0.007684806827455759,
            -0.015268942341208458,
            -0.009414728730916977,
            -0.0047820149920880795,
            -0.01789209432899952,
            -0.004613587167114019,
            0.002448915969580412,
            -0.0007252565701492131,
            0.012066978961229324,
            0.010862259194254875
          ],
          [
            0.019016077741980553,
            0.004816118627786636,
            0.007059081923216581,
            0.012577495537698269,
            0.004153537098318338,
            0.001679647364653647,
            -0.016823725774884224,
            0.011736949905753136,
            0.02769944630563259,
            -0.032938793301582336,
            -0.023920424282550812,
            -0.005550543311983347,
            0.004159720614552498,
            -0.001549297827295959,
            0.009028168395161629,
            -0.021143462508916855
          ],
          [
            0.032408706843853,
            -0.018248671665787697,
            -0.012571056373417377,
            -0.015897106379270554,
            -0.0002891091862693429,
            -0.0014755114680156112,
            -0.0049791717901825905,
            -0.007716746535152197,
            0.007303748279809952,
            -0.021993182599544525,
            -0.01647920347750187,
            0.03211435675621033,
            0.019940432161092758,
            -0.012444713152945042,
            -0.003006340004503727,
            0.023333575576543808
          ],
          [
            -0.004234566818922758,
            0.01046870369464159,
            0.0027815604116767645,
            0.001293441979214549,
            -0.0013750022044405341,
            0.0041817789897322655,
            0.0006491077947430313,
            0.0036716607864946127,
            -0.0023225501645356417,
            0.007211790885776281,
            -0.0021780775859951973,
            -0.005667081568390131,
            -0.012581856921315193,
            0.0038849529810249805,
            -0.0061550140380859375,
            0.0003711520985234529
          ],
          [
            0.011136885732412338,
            -0.004057047422975302,
            0.006414972245693207,
            -0.008395610377192497,
            0.006259686779230833,
            -0.004850851837545633,
            -0.015190941281616688,
            -0.011271821334958076,
            0.018587937578558922,
            -0.009113878943026066,
            0.008118420839309692,
            -0.01033751666545868,
            0.003818162251263857,
            -0.0043778447434306145,
            0.021993475034832954,
            -0.008734028786420822
          ],
          [
            0.008461633697152138,
            0.004676867742091417,
            -0.025648174807429314,
            -0.018765393644571304,
            0.001373648177832365,
            0.02189919352531433,
            0.008950948715209961,
            0.01149844005703926,
            -0.0047462861984968185,
            -0.026316901668906212,
            0.013056766241788864,
            0.01643786020576954,
            0.010869828052818775,
            0.009460619650781155,
            -0.029478520154953003,
            -0.00173053122125566
          ],
          [
            -0.026334330439567566,
            0.015480008907616138,
            -0.04431585222482681,
            -0.011963835917413235,
            -0.01300201378762722,
            0.023354029282927513,
            0.01974753476679325,
            0.037402596324682236,
            -0.0025390684604644775,
            0.028979256749153137,
            0.0019234532956033945,
            0.039339445531368256,
            -0.041451141238212585,
            0.01809883303940296,
            -0.05888260528445244,
            0.014163695275783539
          ],
          [
            0.003842802019789815,
            -0.006515479180961847,
            0.013031207025051117,
            0.0026001541409641504,
            0.0054808021523058414,
            0.0006320768734440207,
            -0.004522870760411024,
            -0.006488142069429159,
            0.0075908503495156765,
            -0.003991838078945875,
            0.0024595106951892376,
            -0.007116980385035276,
            -0.006761358119547367,
            -0.00916033424437046,
            0.014888820238411427,
            -0.00596922030672431
          ],
          [
            0.013737572357058525,
            -0.005883669946342707,
            -0.02435770072042942,
            -0.008208248764276505,
            -0.006699897814542055,
            0.009189405478537083,
            0.011391336098313332,
            0.005469446070492268,
            0.006903689820319414,
            -0.007653461303561926,
            -0.012236290611326694,
            0.012291893362998962,
            0.0058694505132734776,
            0.0040973820723593235,
            -0.00840392429381609,
            0.004493017680943012
          ],
          [
            0.03256833925843239,
            -0.0049794865772128105,
            -0.0012148162350058556,
            -0.009563969448208809,
            -0.0055515458807349205,
            0.010105149820446968,
            -0.006078159436583519,
            0.010166504420340061,
            0.015351848676800728,
            -0.031061407178640366,
            -0.014803876169025898,
            0.006020070984959602,
            0.0434725247323513,
            -0.020912088453769684,
            -0.00048734486335888505,
            -0.02303173765540123
          ],
          [
            0.0024704178795218468,
            -0.003962990362197161,
            -0.013475518673658371,
            -0.010420476086437702,
            -0.002900033723562956,
            0.0032361922785639763,
            0.008849465288221836,
            -0.004605046007782221,
            -0.012293166480958462,
            -0.009290214627981186,
            0.009495166130363941,
            -0.008964591659605503,
            0.02640131302177906,
            0.009063011035323143,
            0.0074257152155041695,
            -0.001029247185215354
          ],
          [
            0.007774977944791317,
            0.005077478475868702,
            0.03733633831143379,
            0.01597575470805168,
            0.013856738805770874,
            -0.009950636886060238,
            -0.022486012428998947,
            -0.003994517028331757,
            0.014778303913772106,
            -0.00443367101252079,
            -0.01565491408109665,
            -0.005417170003056526,
            -0.01635286770761013,
            -0.018654828891158104,
            0.013557279482483864,
            -0.011412261053919792
          ],
          [
            0.00033702963264659047,
            -0.007201055064797401,
            0.02170727774500847,
            0.013372259214520454,
            -0.003937306813895702,
            0.0036430966574698687,
            -0.007504289038479328,
            0.000772073632106185,
            -0.018473399803042412,
            0.009717638604342937,
            -0.0051247174851596355,
            -0.0035548056475818157,
            -0.00823648739606142,
            -0.0005413261242210865,
            -0.006091705057770014,
            0.011115726083517075
          ],
          [
            -0.018249034881591797,
            0.022048499435186386,
            -0.016356926411390305,
            0.0037092589773237705,
            -0.004589645192027092,
            0.0030321332160383463,
            0.02034289389848709,
            0.01689685694873333,
            -0.01184848789125681,
            0.017676590010523796,
            -0.010954256169497967,
            -0.0006304420530796051,
            -0.011186158284544945,
            0.014438970945775509,
            -0.022981123998761177,
            -0.0013491323916241527
          ],
          [
            0.010983907617628574,
            -0.0051071071065962315,
            0.02839900180697441,
            0.018982231616973877,
            0.010314489714801311,
            -0.013189947232604027,
            -0.009999644011259079,
            -0.00948075670748949,
            0.005385619588196278,
            -0.0021876089740544558,
            -0.022030435502529144,
            -0.008058181963860989,
            -0.00830864254385233,
            -0.014652240090072155,
            0.021223219111561775,
            -0.0022739036940038204
          ],
          [
            -0.0064538102596998215,
            -0.00193694606423378,
            0.009394822642207146,
            -0.00031114905141294,
            -0.005926786921918392,
            0.007319149095565081,
            -0.011355415917932987,
            -0.009725399315357208,
            -0.006020575761795044,
            0.011622091755270958,
            0.008148042485117912,
            -0.007899478077888489,
            -0.0003482043102849275,
            0.004536987282335758,
            0.006436278112232685,
            0.0025203926488757133
          ]
        ],
        "fc1.bias": [
          -0.0003648892743512988,
          0.027093831449747086,
          -0.005220748949795961,
          0.011117540299892426,
          -0.020740129053592682,
          0.0028697720263153315,
          0.009756779298186302,
          0.013919074088335037,
          -0.003327946411445737,
          0.018874723464250565,
          0.018791338428854942,
          0.004004243761301041,
          0.013018155470490456,
          0.0034484914503991604,
          -0.0014407711569219828,
          0.010487244464457035,
          0.0016919210320338607,
          -0.0010167546570301056,
          0.007065557409077883,
          0.00533558614552021,
          -0.0008510701009072363,
          0.016827762126922607,
          0.04635324329137802,
          -0.011896444484591484,
          0.00484751770272851,
          -0.02914690226316452,
          -0.004180318210273981,
          -0.007929152809083462,
          -0.006065799854695797,
          0.009574109688401222,
          -0.017953943461179733,
          0.0013070269487798214
        ],
        "fc2.weight": [
          [
            -0.012225710786879063,
            -0.006432238034904003,
            0.012427294626832008,
            -0.0012097230646759272,
            -0.026158250868320465,
            0.002657862612977624,
            0.03727003186941147,
            -0.02003072202205658,
            -0.009398284368216991,
            -0.025125738233327866,
            -0.004942244850099087,
            0.011825925670564175,
            0.005257115699350834,
            -0.008205038495361805,
            0.005970566067844629,
            -0.004023541230708361,
            0.006140574812889099,
            0.005125707946717739,
            0.008057788014411926,
            -0.013476028107106686,
            -0.007060516159981489,
            0.02272634580731392,
            0.01814868301153183,
            0.011495386250317097,
            0.0014183272141963243,
            -0.001601006486453116,
            -0.0006547485827468336,
            0.022214002907276154,
            0.00012504069309215993,
            -0.007552242837846279,
            -0.0020553474314510822,
            -0.0007718052947893739
          ],
          [
            0.011362656019628048,
            -0.02782449498772621,
            -0.01186524797230959,
            0.010887237265706062,
            0.0035322015173733234,
            0.005425968207418919,
            -0.029445793479681015,
            -0.00422511575743556,
            0.0044350214302539825,
            -0.027425507083535194,
            0.004069492686539888,
            0.01501290313899517,
            0.04553595930337906,
            -0.0007714207167737186,
            -0.02263639122247696,
            0.030924279242753983,
            -0.017455916851758957,
            -0.009705123491585255,
            0.014194749295711517,
            0.011971954256296158,
            0.0007822418119758368,
            0.008423954248428345,
            0.005807777401059866,
            0.03315378725528717,
            0.013476286083459854,
            -0.031919900327920914,
            0.005175695288926363,
            0.006523944437503815,
            -0.013451294973492622,
            0.0030825957655906677,
            -0.012963161803781986,
            -0.0006426519248634577
          ],
          [
            -0.0012795928632840514,
            -0.018570393323898315,
            -0.0015141712501645088,
            0.014188346453011036,
            -0.039780326187610626,
            0.016816396266222,
            0.006934826727956533,
            -0.04812178015708923,
            0.0011065927101299167,
            -0.03848278149962425,
            -0.003620818955823779,
            -0.0025729790795594454,
            -0.007893046364188194,
            4.1431958379689604e-05,
            -0.020438620820641518,
            -0.02619900368154049,
            0.010336657986044884,
            -0.018279245123267174,
            -0.024705687537789345,
            -0.006558762397617102,
            -0.02447778917849064,
            -0.011962260119616985,
            -0.021581245586276054,
            -0.04386599361896515,
            0.00244287122040987,
            0.01025304663926363,
            0.01604362390935421,
            -0.022277645766735077,
            -0.01472029834985733,
            -0.012896348722279072,
            -0.015097339637577534,
            -0.019050413742661476
          ],
          [
            0.009160047397017479,
            -0.005053393077105284,
            0.0053382935002446175,
            0.0017750966362655163,
            0.003933706786483526,
            0.006781670264899731,
            -0.003774158423766494,
            0.008776047267019749,
            0.014764001592993736,
            0.0018229155102744699,
            0.0019882619380950928,
            0.0007521159714087844,
            0.009662921540439129,
            0.0022899392060935497,
            0.005019079428166151,
            0.011588924564421177,
            -0.002945065265521407,
            0.00617286516353488,
            0.002943007741123438,
            0.002540565561503172,
            -0.0069501702673733234,
            -0.00015823096327949315,
            0.015627151355147362,
            0.0019384443294256926,
            -0.0012171887792646885,
            0.016521185636520386,
            0.005016488488763571,
            0.0006796888192184269,
            0.008636031299829483,
            0.0056036715395748615,
            -0.008195795118808746,
            -0.00029846615507267416
          ],
          [
            -0.0014700687024742365,
            -0.00741068460047245,
            0.009285524487495422,
            0.0062183053232729435,
            -0.0030230411794036627,
            0.0009142587659880519,
            0.004492974374443293,
            0.0003582896606530994,
            0.00964310672134161,
            -0.011009473353624344,
            0.0091454042121768,
            0.012386107817292213,
            0.018511878326535225,
            -0.00047233107034116983,
            -0.0019931127317249775,
            0.01829855889081955,
            0.0029608055483549833,
            0.0043333410285413265,
            0.009413138031959534,
            -0.0006204850506037474,
            -0.01100132241845131,
            0.0021735583432018757,
            -0.02490187995135784,
            0.0011523072607815266,
            0.004891712684184313,
            0.0009992909617722034,
            -0.0015525545459240675,
            -0.008857976645231247,
            -0.009110135026276112,
            -0.002293545985594392,
            -0.01639254204928875,
            -0.022713666781783104
          ],
          [
            0.0025328367482870817,
            -0.005577558185905218,
            -0.002497181063517928,
            -0.007032319437712431,
            -0.014170072972774506,
            0.0014799380442127585,
            -0.017923107370734215,
            0.005218432284891605,
            -0.0040405550971627235,
            -0.013142505660653114,
            -1.400559540343238e-06,
            -0.012622416019439697,
            0.002668703906238079,
            -0.004288189113140106,
            -0.018083112314343452,
            -0.007145191077142954,
            -0.011508965864777565,
            -0.009879319928586483,
            -0.0015123868361115456,
            -0.0023654596880078316,
            0.01134680025279522,
            -0.011913628317415714,
            0.02411658875644207,
            0.020211687311530113,
            0.009436766617000103,
            -0.015320876613259315,
            -0.0046442304737865925,
            0.012989199720323086,
            0.0054611386731266975,
            0.007853297516703606,
            -0.003677241038531065,
            0.008109747432172298
          ],
          [
            -0.004781643860042095,
            0.021454090252518654,
            -0.002083800034597516,
            -0.0007947595440782607,
            0.01867121271789074,
            -0.014273548498749733,
            -0.0037394592072814703,
            0.034444164484739304,
            -0.00010917160398093984,
            0.018912531435489655,
            -0.003468436421826482,
            -0.009004656225442886,
            -0.0002616327547002584,
            0.0033612833358347416,
            -0.0011608493514358997,
            -0.0005924410070292652,
            0.0035955365747213364,
            0.010016175918281078,
            0.00022435412392951548,
            0.007720836438238621,
            0.004250049591064453,
            -0.013779736123979092,
            0.006026921793818474,
            -0.010087925009429455,
            -0.0028859982267022133,
            -0.006555506959557533,
            -0.004433494061231613,
            -0.013079843483865261,
            0.004443803336471319,
            0.009232088923454285,
            0.014113878831267357,
            -0.003923024050891399
          ],
          [
            0.00931857991963625,
            -0.0039141373708844185,
            -0.011868379078805447,
            -0.002851771656423807,
            -0.01801295392215252,
            0.018135584890842438,
            -0.006672892719507217,
            0.0009128929232247174,
            -0.0033727355767041445,
            -0.04596727341413498,
            -0.01061771810054779,
            -0.003650960046797991,
            0.009671219624578953,
            0.0014324546791613102,
            -0.02453409694135189,
            -0.0316106379032135,
            -0.004894378129392862,
            -0.015562284737825394,
            0.0026149197947233915,
            0.005574473179876804,
            -0.00740152969956398,
            -0.007603456731885672,
            0.037687063217163086,
            -0.006463693454861641,
            0.016209756955504417,
            -0.01445782370865345,
            0.008136488497257233,
            -0.016475550830364227,
            -0.0015744315460324287,
            0.007328117731958628,
            0.0037880537565797567,
            0.0011423075338825583
          ],
          [
            0.008225329220294952,
            -0.018813733011484146,
            -0.016114208847284317,
            0.006380639970302582,
            -0.002018745057284832,
            0.008824681863188744,
            -0.02414168231189251,
            0.021407030522823334,
            0.004045465029776096,
            -0.007808948867022991,
            0.014152574352920055,
            -0.004683310631662607,
            0.01048608310520649,
            0.0035609654150903225,
            -0.024847891181707382,
            0.017016878351569176,
            -0.01795913651585579,
            0.013102359138429165,
            0.003602855373173952,
            0.0045847524888813496,
            -0.0044579715467989445,
            -0.038713566958904266,
            0.011607778258621693,
            -0.0013981822412461042,
            0.0060922494158148766,
            -0.016568191349506378,
            -0.0012024573516100645,
            0.0021599773317575455,
            0.009615029208362103,
            0.014982674270868301,
            -0.019665507599711418,
            -0.022536415606737137
          ],
          [
            0.010763359256088734,
            -0.03237435221672058,
            -0.02712221071124077,
            0.0151267284527421,
            0.02059597708284855,
            -0.002316058147698641,
            -0.05823023244738579,
            -0.014818323776125908,
            0.004604373127222061,
            0.019533278420567513,
            0.006769457366317511,
            -0.009575050324201584,
            0.005458459258079529,
            0.015598277561366558,
            -0.04416244104504585,
            0.01643800362944603,
            -0.015144672244787216,
            -0.018312664702534676,
            -0.02134845219552517,
            0.011250259354710579,
            0.00188262399751693,
            -0.04205996170639992,
            0.0019125242251902819,
            -0.014183156192302704,
            3.830844798358157e-05,
            -0.0032370893750339746,
            0.012334938161075115,
            -0.0015597047749906778,
            0.011150320991873741,
            0.00011426343553466722,
            -0.03059561178088188,
            -0.01878238469362259
          ],
          [
            0.002109986264258623,
            0.004546371288597584,
            0.005420120898634195,
            -0.0031826861668378115,
            -0.002577350940555334,
            0.0023156653624027967,
            -0.03284149989485741,
            0.000931551621761173,
            -0.011695438995957375,
            0.03874699026346207,
            0.004256794694811106,
            -0.030177541077136993,
            0.001445405650883913,
            -0.007786806207150221,
            -0.01727084442973137,
            0.007903894409537315,
            -0.016259493306279182,
            0.00184861000161618,
            -0.0344058983027935,
            -1.9077177057624795e-05,
            0.016725124791264534,
            -0.024737967178225517,
            0.04461993649601936,
            0.009106824174523354,
            -0.005000668577849865,
            0.015778111293911934,
            0.003769557923078537,
            0.030740851536393166,
            0.026356568560004234,
            0.010318671353161335,
            0.0054545640014112,
            0.02001442387700081
          ],
          [
            -0.011607164517045021,
            0.035637881606817245,
            0.004135269206017256,
            -0.015568172559142113,
            -0.016607988625764847,
            -0.00581932021304965,
            0.03111083060503006,
            0.014689275063574314,
            -0.010367471724748611,
            -6.966629007365555e-05,
            -0.01880493015050888,
            -0.009546785615384579,
            -0.011476272717118263,
            -0.006007786374539137,
            0.008609438315033913,
            -0.042607687413692474,
            0.013726361095905304,
            0.007493203040212393,
            0.0036144291516393423,
            -0.004995202179998159,
            0.006842795293778181,
            0.002159830881282687,
            0.024326417595148087,
            -0.006204654462635517,
            0.006686873268336058,
            0.00845767930150032,
            -0.005835815332829952,
            -0.0139115946367383,
            0.0008801656076684594,
            0.005373887252062559,
            0.030842455103993416,
            0.006536476779729128
          ],
          [
            -0.009695122949779034,
            0.015431937761604786,
            -0.010256242007017136,
            -0.010963073000311852,
            -0.02646517939865589,
            -0.005726262461394072,
            0.020340507850050926,
            -0.018765728920698166,
            -0.006691247224807739,
            -0.027210034430027008,
            -0.007188817486166954,
            -0.012623206712305546,
            -0.04267563670873642,
            -0.001550563727505505,
            0.008739934302866459,
            -0.04404605180025101,
            0.01930723898112774,
            -0.0031131890136748552,
            0.005387222860008478,
            -0.009681515395641327,
            -0.004829401150345802,
            -0.01060343999415636,
            -0.004447581246495247,
            -0.034602511674165726,
            -0.0026189449708908796,
            -0.02127404697239399,
            -0.008511664345860481,
            -0.0012980804312974215,
            -0.009724943898618221,
            0.004928778391331434,
            0.017483973875641823,
            0.0013124042889103293
          ],
          [
            -0.0012465928448364139,
            0.015634268522262573,
            0.00989277008920908,
            -0.009928746148943901,
            0.015241301618516445,
            -0.00897438544780016,
            -0.001090952311642468,
            0.025985829532146454,
            -0.0011166504118591547,
            0.023210909217596054,
            -0.008809695951640606,
            -0.01189221628010273,
            0.0023193052038550377,
            -0.0003347200690768659,
            0.006516320630908012,
            -0.004621227737516165,
            -0.00262266444042325,
            8.358706691069528e-05,
            -0.0001924070093082264,
            0.002402904210612178,
            0.016669556498527527,
            0.00775695126503706,
            0.039427392184734344,
            0.019581396132707596,
            -0.0016101510263979435,
            0.008030256256461143,
            -0.0038148935418576,
            0.005625808611512184,
            0.01664671301841736,
            0.0051528518088161945,
            0.012176306918263435,
            0.018492141738533974
          ],
          [
            0.002804519608616829,
            -0.032039374113082886,
            -0.010102658532559872,
            0.01264113374054432,
            0.017071913927793503,
            -0.0007623770507052541,
            -0.020846346393227577,
            -0.016342997550964355,
            0.006807125173509121,
            0.005336075089871883,
            0.02199186384677887,
            0.005922491662204266,
            -0.019094625487923622,
            0.008229847066104412,
            -0.0005547417677007616,
            0.03145438805222511,
            -0.00382476975210011,
            0.016247587278485298,
            -0.001864550169557333,
            0.0020598676055669785,
            -0.011442682705819607,
            -0.016114696860313416,
            -0.04765215888619423,
            -0.021985789760947227,
            -0.015221841633319855,
            -0.02136174589395523,
            -0.0010029372060671449,
            0.017468027770519257,
            0.005442397203296423,
            -0.00671598082408309,
            -0.03534594178199768,
            -0.0214813482016325
          ],
          [
            -0.012079679407179356,
            0.012017227709293365,
            -0.0010182278929278255,
            0.0010379785671830177,
            0.008167438209056854,
            -0.011038137599825859,
            0.007853209041059017,
            0.0008103869622573256,
            -0.018048789352178574,
            0.025731142610311508,
            -0.0046116262674331665,
            0.0011204499751329422,
            0.008864196948707104,
            -0.0014180755242705345,
            -0.007100204471498728,
            0.0020715068094432354,
            0.00024762836983427405,
            -0.004526778124272823,
            -0.007109663914889097,
            -0.0013440477196127176,
            0.011311901733279228,
            0.0014156328979879618,
            0.01155104674398899,
            0.0084295105189085,
            4.758494469569996e-05,
            0.005808907561004162,
            -0.0010758769931271672,
            0.0022739963605999947,
            0.0006539233145304024,
            -0.003926044795662165,
            0.014654479920864105,
            -8.210577652789652e-05
          ]
        ],
        "fc2.bias": [
          0.014426380395889282,
          -0.00299686286598444,
          -0.10597977787256241,
          0.04240554943680763,
          -0.010962587781250477,
          -0.005442940164357424,
          -0.0015195244923233986,
          -0.030552348122000694,
          -0.02260012738406658,
          -0.05622877553105354,
          0.06768965721130371,
          0.003033684566617012,
          -0.07331985235214233,
          0.059990257024765015,
          -0.04206407815217972,
          0.010941091924905777
        ],
        "norm2.weight": [
          -0.007949678227305412,
          0.007893485948443413,
          -0.0008674906566739082,
          0.0025844788178801537,
          -3.7082238122820854e-05,
          0.006826471071690321,
          0.006604176480323076,
          0.00952522549778223,
          0.004360518418252468,
          0.011755615472793579,
          -0.0101028336212039,
          0.011300807818770409,
          0.016992369666695595,
          0.004915902391076088,
          0.008153576403856277,
          0.005775907542556524
        ],
        "norm2.bias": [
          0.00940616987645626,
          -0.004882472101598978,
          0.00222718995064497,
          -0.0106250224635005,
          -0.0017534882063046098,
          -0.005718003027141094,
          0.01030759047716856,
          -0.002002812922000885,
          0.02112461067736149,
          0.004722954239696264,
          -0.004622587002813816,
          0.01898794062435627,
          -0.0062336390838027,
          0.00023182854056358337,
          -0.0024683200754225254,
          -0.003988166339695454
        ]
      },
      "max_param_diff": 0.0010100007057189941,
      "lr": 0.001
    },
    "step_2": {
      "sample_ids": [
        "sample_004",
        "sample_005",
        "sample_006",
        "sample_007"
      ],
      "loss": 2.1111929416656494,
      "grad_norm": 0.6463186144828796,
      "gradients": {
        "q_proj.weight": [
          [
            0.002421226119622588,
            -0.0015957823488861322,
            -0.0006032033124938607,
            -0.0015429987106472254,
            0.0022656191140413284,
            -0.0001014856097754091,
            0.0003693611070048064,
            -0.003800496459007263,
            -1.1542266292963177e-05,
            -0.0008283948991447687,
            -0.00040314157376997173,
            -0.00013225109432823956,
            0.0002919615071732551,
            0.002954071620479226,
            0.0005938166286796331,
            0.0001341784663964063
          ],
          [
            0.0011228456860408187,
            0.0022715828381478786,
            0.002826153067871928,
            0.0014714272692799568,
            -0.0004862365312874317,
            0.0006639276398345828,
            -0.002397028962150216,
            0.0019414772978052497,
            -0.004146964754909277,
            0.0028548510745167732,
            0.0018058292334899306,
            -0.004466824699193239,
            0.000669434666633606,
            -0.0032948129810392857,
            -0.00026684688054956496,
            -0.0005790087743662298
          ],
          [
            0.005510305520147085,
            -0.002318110316991806,
            -0.003120525274425745,
            0.0022759269922971725,
            -0.0006890264921821654,
            -0.0013825956266373396,
            0.0001273539528483525,
            -0.00028525691595859826,
            -0.004507565870881081,
            -0.005921012721955776,
            0.0055962493643164635,
            -0.006215597502887249,
            -0.003659960115328431,
            0.008140102960169315,
            0.0030044042505323887,
            0.0034980603959411383
          ],
          [
            0.005114929750561714,
            -0.000863799185026437,
            -0.0007695978856645525,
            -0.001869845436885953,
            0.0014401465887203813,
            0.0016946378163993359,
            0.0001682843139860779,
            -0.00297598191536963,
            -0.0035525530111044645,
            -2.3907698505354347e-06,
            0.003453807206824422,
            -0.0042164260521531105,
            -0.0010520799551159143,
            0.0021438782569020987,
            0.0006489118677563965,
            0.0006565615767613053
          ],
          [
            0.004715000279247761,
            0.0021158638410270214,
            -0.0012063489994034171,
            -0.0033132927492260933,
            -0.000326680950820446,
            0.0069484771229326725,
            0.0008940063999034464,
            0.0024255840107798576,
            -0.00838621985167265,
            0.002511051017791033,
            0.003494792152196169,
            -0.00734385522082448,
            0.002402555663138628,
            -0.004717840813100338,
            0.0014110131887719035,
            -0.001639211899600923
          ],
          [
            0.007907324470579624,
            -0.0010076345643028617,
            -0.0017199849244207144,
            0.00021922707674093544,
            -0.0004614582867361605,
            0.0010590674355626106,
            0.0007469446863979101,
            -0.003006801474839449,
            -0.007549751549959183,
            -0.0015401343116536736,
            0.006304892711341381,
            -0.009295006282627583,
            -0.0018102597678080201,
            0.004419468343257904,
            0.002201972994953394,
            0.0035693382378667593
          ],
          [
            0.008142327889800072,
            -0.0030672482680529356,
            -0.005837398115545511,
            0.0006890757358632982,
            -0.000662216218188405,
            -0.00235970551148057,
            0.002877183025702834,
            -0.005295098759233952,
            -0.002343366388231516,
            -0.007259249687194824,
            0.006339593790471554,
            -0.005774674471467733,
            -0.0029727795626968145,
            0.00882626511156559,
            0.002844834001734853,
            0.005908988416194916
          ],
          [
            -0.000361375481588766,
            0.003870300715789199,
            0.002295509912073612,
            -0.00013925554230809212,
            -0.0008467903244309127,
            0.000450791121693328,
            -0.0015597966266795993,
            0.001451436197385192,
            -0.0010237123351544142,
            0.004219495691359043,
            0.001231109956279397,
            -0.0009948828956112266,
            0.0011940168915316463,
            -0.006087147165089846,
            -0.001617629430256784,
            -0.0020939370151609182
          ],
          [
            -0.01040409691631794,
            0.0007041902281343937,
            0.0036633957643061876,
            -0.0004060236387886107,
            0.0006602198118343949,
            0.00016274649533443153,
            -0.0012843095464631915,
            0.004121461883187294,
            0.007333262823522091,
            0.003426564624533057,
            -0.009344862774014473,
            0.010463634505867958,
            0.002629408147186041,
            -0.00486765056848526,
            -0.0024878422264009714,
            -0.0044209943152964115
          ],
          [
            0.0011581684229895473,
            -0.0012008355697616935,
            -0.003999364096671343,
            0.008128204382956028,
            -0.0021947380155324936,
            -0.006214145105332136,
            -2.4125047275447287e-05,
            0.0007749469950795174,
            0.000766036391723901,
            -0.006861381698399782,
            0.004344125743955374,
            -0.0022183668334037066,
            -0.00430220877751708,
            0.004829213954508305,
            0.0006219474598765373,
            0.006420009769499302
          ],
          [
            0.003052076091989875,
            -0.00020157283870503306,
            0.003207867732271552,
            -0.0014103340217843652,
            5.487414091476239e-05,
            0.0035689189098775387,
            0.00013602440594695508,
            -0.003203554777428508,
            -0.005069107748568058,
            0.006063477136194706,
            0.0029343904461711645,
            -0.005298040807247162,
            -0.0008226545178331435,
            -0.002913942327722907,
            -0.0013849122915416956,
            0.0012703249230980873
          ],
          [
            0.0018472333904355764,
            0.0031192400492727757,
            -0.0006166803068481386,
            0.0004890819545835257,
            0.0011129729682579637,
            -0.0024152982514351606,
            -0.0015048052882775664,
            -0.0008239742601290345,
            0.0017096961382776499,
            -0.00033964126487262547,
            0.0016560254152864218,
            7.48439779272303e-05,
            0.0014854974579066038,
            -0.0036110556684434414,
            -0.000973501184489578,
            -0.0012127211084589362
          ],
          [
            -0.0008973113144747913,
            0.0006543456693179905,
            0.0015030839713290334,
            -0.0027431794442236423,
            0.00015289463044609874,
            0.0035891563165932894,
            0.00021822977578267455,
            0.0012140371836721897,
            -0.002088133478537202,
            0.003087372984737158,
            -0.0021874168887734413,
            -0.0002823276736307889,
            0.00220692646689713,
            -0.0023787296377122402,
            0.0001773002150002867,
            -0.002242281101644039
          ],
          [
            -0.00044831447303295135,
            0.0008609304204583168,
            -0.0014869068982079625,
            -0.0003298116789665073,
            0.0006354753859341145,
            -0.0031661775428801775,
            -0.0001859542535385117,
            -0.00018531485693529248,
            0.003980597946792841,
            -0.0034700953401625156,
            -0.0019429089734330773,
            0.0030708215199410915,
            0.0020764595828950405,
            0.0009298117947764695,
            0.0008068541064858437,
            -0.0011380206560716033
          ],
          [
            0.00438070110976696,
            -0.0011098082177340984,
            -0.0018527907086536288,
            0.0019414526177570224,
            -0.0022617746144533157,
            0.0030314226169139147,
            0.0010814853012561798,
            0.0012853372609242797,
            -0.007771892473101616,
            -0.0007143177790567279,
            0.006434939336031675,
            -0.008067717775702477,
            -0.003373810090124607,
            0.002155266236513853,
            0.0015130956890061498,
            0.003348767291754484
          ],
          [
            0.0021330940071493387,
            0.0031059416942298412,
            0.0017741838237270713,
            0.0002783666714094579,
            -0.0002226517244707793,
            0.0019593804609030485,
            -0.0014066443545743823,
            0.0009598088799975812,
            -0.004096277989447117,
            0.004024499095976353,
            0.002898396458476782,
            -0.004517906345427036,
            0.0011672490509226918,
            -0.006200137548148632,
            -0.0010877856984734535,
            -0.0007910675485618412
          ]
        ],
        "k_proj.weight": [
          [
            -0.0013874971773475409,
            -0.0017355059972032905,
            -0.003966532647609711,
            0.0006499969749711454,
            0.0008422812097705901,
            0.000863300752826035,
            -0.001240805839188397,
            1.0028589713328984e-05,
            0.0004898820188827813,
            0.0011696204310283065,
            -0.0009440479334443808,
            -0.001865493250079453,
            -0.00031043769558891654,
            0.001372601604089141,
            0.0036868799943476915,
            0.0023747063241899014
          ],
          [
            0.001367964199744165,
            0.0006086229695938528,
            -0.001106595154851675,
            -0.00571829080581665,
            -0.006625378038734198,
            0.001281667617149651,
            0.0012068725191056728,
            0.0022425069473683834,
            0.00013944243255537003,
            0.0035098872613161802,
            -0.0036010737530887127,
            0.003924448974430561,
            0.005534626543521881,
            -0.007575328927487135,
            0.0023737566079944372,
            0.00243470654822886
          ],
          [
            0.0012525422498583794,
            0.000529386627022177,
            -0.001528036082163453,
            -0.004992630798369646,
            -0.0023984904401004314,
            0.0025341741275042295,
            0.0006727965665049851,
            -0.00022729889315087348,
            -0.00032136638765223324,
            0.0035413317382335663,
            -0.0027907127514481544,
            0.001440773718059063,
            0.0039005842991173267,
            -0.0050431061536073685,
            0.0010106052504852414,
            0.002419523661956191
          ],
          [
            0.001545425970107317,
            -0.0032756382133811712,
            -0.0017006739508360624,
            -0.001879052142612636,
            -0.0022004698403179646,
            0.0011528900358825922,
            0.0011439828667789698,
            0.0003374747757334262,
            -0.001655894098803401,
            0.0002581944572739303,
            -0.0020722183398902416,
            0.00044728038483299315,
            0.0042576296254992485,
            -0.0017665073974058032,
            0.003254916286095977,
            0.0021496035624295473
          ],
          [
            -0.009136993438005447,
            0.0006628400296904147,
            -0.0007825879729352891,
            0.002892866963520646,
            0.0021526962518692017,
            -0.0023388033732771873,
            -0.003316587535664439,
            0.0027905332390218973,
            0.00603071041405201,
            0.0015288518043234944,
            -0.006327722687274218,
            0.005936000496149063,
            -0.0028693662025034428,
            0.003675919258967042,
            0.002122927689924836,
            -0.003005320206284523
          ],
          [
            0.0023444821126759052,
            -0.0015575754223391414,
            -0.000941956473980099,
            -0.0010081855580210686,
            0.0008765163947828114,
            0.0007655867375433445,
            -0.00012123974011046812,
            1.241230393134174e-06,
            -0.000783700670581311,
            -0.0008266732911579311,
            0.002290273318067193,
            -0.0015535212587565184,
            -0.0001586192665854469,
            -0.0004841273766942322,
            0.0009506336064077914,
            0.00020303481142036617
          ],
          [
            -0.005583768244832754,
            -0.000461936229839921,
            -0.0015109641244634986,
            0.005522831343114376,
            0.0036837966181337833,
            -0.0032269551884382963,
            -0.003623956348747015,
            0.0023305569775402546,
            0.0045700957998633385,
            -0.0015976505819708109,
            -0.0006091368268243968,
            0.001795695978216827,
            -0.004958868492394686,
            0.0049623907543718815,
            0.0008903418201953173,
            -0.00217489548958838
          ],
          [
            0.00847551878541708,
            -0.0001648523611947894,
            0.002932966686785221,
            0.0006530645187012851,
            -0.0008246130892075598,
            -0.0007282581063918769,
            0.001512541901320219,
            -0.0034306992311030626,
            -0.005560395773500204,
            -0.002387417247518897,
            0.008307571522891521,
            -0.007642548996955156,
            0.0006122832419350743,
            -0.001048416132107377,
            -0.0025702565908432007,
            0.0018511833623051643
          ],
          [
            -0.006420688703656197,
            -0.000798865919932723,
            0.0013331740628927946,
            -0.0002703694044612348,
            0.0008911624900065362,
            -0.001152355340309441,
            -0.0015894824173301458,
            0.0021143401972949505,
            0.003980622626841068,
            0.00156646897085011,
            -0.008518550544977188,
            0.008052226155996323,
            0.0019456431036815047,
            -0.000111095403553918,
            0.0017306494992226362,
            -0.0027481107972562313
          ],
          [
            -0.002955954521894455,
            0.0003111407859250903,
            -0.00362386810593307,
            -0.0009229763527400792,
            0.0003498869191389531,
            0.0035495134070515633,
            0.00224103475920856,
            0.0015996922738850117,
            0.0007026934181340039,
            -0.0006178465555422008,
            -0.002408173866569996,
            0.0018971426179632545,
            -0.0016454420983791351,
            0.0009535844437777996,
            0.0003691646852530539,
            0.0002024387795245275
          ],
          [
            0.009485999122262001,
            -0.001451850519515574,
            -0.0034059258177876472,
            -0.0008766921819187701,
            -0.0009440533467568457,
            0.0018418441759422421,
            0.0013028812827542424,
            -0.003070819890126586,
            -0.005464421585202217,
            -0.001253369147889316,
            0.008543350733816624,
            -0.009604955092072487,
            0.0009371527121402323,
            -0.002105679363012314,
            0.0003390774945728481,
            0.005718531087040901
          ],
          [
            -0.0016351299127563834,
            0.0022065320517867804,
            -0.003750086762011051,
            0.001412855926901102,
            0.00025991207803599536,
            0.0009058121358975768,
            3.380405905772932e-05,
            0.0017544174334034324,
            0.0014644551556557417,
            -0.0005984781309962273,
            0.0026901308447122574,
            -0.001659258152358234,
            -0.004869704134762287,
            0.0016857169102877378,
            -0.00045466632582247257,
            0.0005593609530478716
          ],
          [
            0.0015751185128465295,
            0.0021362241823226213,
            0.007855294272303581,
            -0.0016077166656032205,
            0.003744256915524602,
            -0.0005108903278596699,
            -0.00038259627763181925,
            -0.004680896643549204,
            -0.0011463259579613805,
            0.0012848880141973495,
            0.0002744160301517695,
            2.1952881070319563e-05,
            0.0009233658201992512,
            0.00012884863826911896,
            -0.0057573625817894936,
            -0.0038629877381026745
          ],
          [
            0.0012477705022320151,
            -0.00540576409548521,
            -0.005921600852161646,
            0.00020915230561513454,
            -0.002145742066204548,
            0.0017673065885901451,
            0.0016297335969284177,
            0.0027251786086708307,
            -0.0013771585654467344,
            -0.0024271970614790916,
            -0.0025853475090116262,
            0.0012196277966722846,
            0.004074953030794859,
            -0.0023362208157777786,
            0.004656130913645029,
            0.004658160265535116
          ],
          [
            0.005171698052436113,
            -0.0021568515803664923,
            -0.0004770310188177973,
            -0.003104791510850191,
            0.002738997805863619,
            0.002391863614320755,
            -0.000325677014188841,
            -0.003731174860149622,
            -0.003053011605516076,
            0.0011335780145600438,
            0.002299909247085452,
            -0.004639306105673313,
            0.0023491978645324707,
            -0.0012620518682524562,
            0.0008922120905481279,
            0.0017696559661999345
          ],
          [
            -0.005606068763881922,
            0.0026256826240569353,
            0.0021032753866165876,
            0.0015751604223623872,
            -0.0007438407628796995,
            -0.0023523326963186264,
            -0.0015218149637803435,
            0.0013822242617607117,
            0.0030540002044290304,
            0.0018122144974768162,
            -0.00293314503505826,
            0.0027739517390727997,
            -0.002265719696879387,
            0.0024803034029901028,
            0.0007103481912054121,
            -0.003078998764976859
          ]
        ],
        "v_proj.weight": [
          [
            -0.007344822399318218,
            0.0212089866399765,
            0.005605003796517849,
            0.009844386018812656,
            -4.021946369903162e-05,
            0.015049374662339687,
            -0.005606701131910086,
            0.0015711996238678694,
            -0.010592085309326649,
            0.0047426423989236355,
            0.014604090712964535,
            -0.016340650618076324,
            0.00031643197871744633,
            -0.03178102523088455,
            0.0003154871519654989,
            -0.0017253828700631857
          ],
          [
            0.005275269504636526,
            -0.015844004228711128,
            -0.00821505207568407,
            -0.004317368380725384,
            0.0018054922111332417,
            -0.01413961686193943,
            0.004280073568224907,
            -0.0014585484750568867,
            0.011412682943046093,
            -0.005797958932816982,
            -0.006874495185911655,
            0.013362121768295765,
            -0.005567873362451792,
            0.027770286425948143,
            -0.003523594932630658,
            0.002014630241319537
          ],
          [
            0.002738264622166753,
            0.006662415806204081,
            0.004143403843045235,
            0.0014759763143956661,
            -0.0020880522206425667,
            0.007277338299900293,
            -0.0006668684654869139,
            -0.000677349918987602,
            -0.009941164404153824,
            -0.013568038120865822,
            0.011840124614536762,
            -0.015392066910862923,
            0.008795583620667458,
            -0.008935769088566303,
            0.01307568047195673,
            -0.0048319194465875626
          ],
          [
            0.004692782182246447,
            -0.012593290768563747,
            -0.008717156015336514,
            -0.009377656504511833,
            -0.0005436799838207662,
            -0.010049402713775635,
            0.005222073290497065,
            -0.006310566328465939,
            0.019548725336790085,
            0.007964189164340496,
            -0.004030121024698019,
            0.01503775641322136,
            -0.0038329907692968845,
            0.010280369780957699,
            -0.009502864442765713,
            0.0022600218653678894
          ],
          [
            0.0030020829290151596,
            0.009103923104703426,
            -0.000925419619306922,
            -0.002981810364872217,
            -0.003081447444856167,
            0.005610930733382702,
            0.0031720753759145737,
            -0.005516532342880964,
            0.0022090061102062464,
            -0.002898077480494976,
            0.017535267397761345,
            -0.011328316293656826,
            0.003454818157479167,
            -0.016621064394712448,
            0.0034153617452830076,
            -0.004282460082322359
          ],
          [
            0.002899617189541459,
            0.003637771587818861,
            -0.008965306915342808,
            0.0031290582846850157,
            0.009933199733495712,
            -0.010933374054729939,
            -0.005271443165838718,
            -0.005782475229352713,
            0.015414562076330185,
            -0.007423872593790293,
            0.013273106887936592,
            0.006824082229286432,
            -0.012915140949189663,
            0.009077152237296104,
            -0.009184611029922962,
            -0.003555311355739832
          ],
          [
            0.01589038036763668,
            -0.03153304383158684,
            -0.0015461368020623922,
            -0.020665982738137245,
            0.001965584233403206,
            -0.004984423518180847,
            0.004992502275854349,
            0.00395595608279109,
            -0.013468814082443714,
            -0.030199334025382996,
            -0.026137877255678177,
            0.012771698646247387,
            0.005449866876006126,
            0.06677064299583435,
            0.020167872309684753,
            -0.003019870724529028
          ],
          [
            0.005863595753908157,
            -0.008538592606782913,
            -0.01574326492846012,
            -0.003722035326063633,
            0.00636540399864316,
            -0.013929476961493492,
            0.004625212401151657,
            -0.006477790884673595,
            0.016559405252337456,
            -0.024842558428645134,
            -0.0016635595820844173,
            0.009776073507964611,
            0.0008975616074167192,
            0.02711702138185501,
            0.006112279836088419,
            -0.002250600140541792
          ],
          [
            0.00810008030384779,
            -0.02383333444595337,
            0.008449162356555462,
            -0.012203358113765717,
            -0.0032236913684755564,
            -0.002375344978645444,
            0.0036664227955043316,
            0.0033853536006063223,
            -0.005655237473547459,
            0.012768146581947803,
            -0.012909803539514542,
            0.008799656294286251,
            -0.0032344108913093805,
            0.02319992706179619,
            -0.0058339363895356655,
            0.0010150735033676028
          ],
          [
            0.0033881624694913626,
            -0.013522643595933914,
            0.014212498441338539,
            -0.0003403043083380908,
            -0.0022024642676115036,
            -0.012114330194890499,
            -0.004827682860195637,
            0.0035859073977917433,
            0.003400802845135331,
            0.018770648166537285,
            -0.0007658860413357615,
            0.010570483282208443,
            -0.012369506992399693,
            0.009083366952836514,
            -0.018758848309516907,
            0.001990935765206814
          ],
          [
            0.0021893444936722517,
            -0.004831787198781967,
            -0.0037552430294454098,
            0.007127293385565281,
            0.006865748669952154,
            -0.019070737063884735,
            -0.0068731061182916164,
            -0.003908477257937193,
            0.02102036401629448,
            0.013682698830962181,
            0.008840645663440228,
            0.014316372573375702,
            -0.01921710930764675,
            0.00457769026979804,
            -0.024768924340605736,
            0.003929623868316412
          ],
          [
            0.009857188910245895,
            -0.01536212395876646,
            -0.004242828115820885,
            -0.00576976640149951,
            0.007933394983410835,
            -0.011896325275301933,
            -0.00032732883119024336,
            0.0008335954044014215,
            0.0028601461090147495,
            -0.035235099494457245,
            -0.002056265017017722,
            0.00850576814264059,
            -0.00018607103265821934,
            0.04274667054414749,
            0.011361483484506607,
            -0.008756292052567005
          ],
          [
            -0.000766378769185394,
            -0.008443587459623814,
            0.0027714038733392954,
            -0.0060071321204304695,
            -0.009637326933443546,
            0.007659551687538624,
            0.008929411880671978,
            0.0033604982309043407,
            -0.009966190904378891,
            0.009925629943609238,
            -0.015376430004835129,
            -0.0026074154302477837,
            0.011056119576096535,
            -0.002526006195694208,
            0.006890354212373495,
            0.004618587903678417
          ],
          [
            0.007599846459925175,
            -0.015062537044286728,
            0.012086314149200916,
            -0.013076520524919033,
            -0.007306552026420832,
            0.017172710970044136,
            0.0041242800652980804,
            0.00719284126535058,
            -0.029122842475771904,
            -0.001087831798940897,
            -0.011917529627680779,
            -0.009395011700689793,
            0.010055131278932095,
            0.01487451046705246,
            0.015691537410020828,
            -0.0017981776036322117
          ],
          [
            0.0026367201935499907,
            -0.0025650504976511,
            0.00016423915803898126,
            -0.0008158003911375999,
            0.0038732767570763826,
            -0.003949825651943684,
            -0.004018566571176052,
            -0.002327730879187584,
            0.007543994579464197,
            0.006776031572371721,
            0.007210761308670044,
            0.005293351598083973,
            -0.009985526092350483,
            0.0021648379042744637,
            -0.011305426247417927,
            -0.0006295026396401227
          ],
          [
            0.0007828691741451621,
            0.00026983299176208675,
            -0.015770066529512405,
            0.0012073870748281479,
            0.0035186102613806725,
            -0.01005206536501646,
            0.0023756972514092922,
            -0.008640204556286335,
            0.022585054859519005,
            0.005363646429032087,
            0.004633923526853323,
            0.008941106498241425,
            -0.00499099213629961,
            -0.0038162015844136477,
            -0.01001793798059225,
            0.003596655558794737
          ]
        ],
        "o_proj.weight": [
          [
            0.0075392029248178005,
            -0.01976032927632332,
            0.004512382205575705,
            -0.004460455849766731,
            0.004449522588402033,
            1.9886316295014694e-05,
            0.006941948551684618,
            0.013761600479483604,
            0.018096737563610077,
            -0.013023175299167633,
            -0.007262727711349726,
            -0.0060852328315377235,
            0.004212185740470886,
            -0.016976552084088326,
            -0.013859085738658905,
            0.0017531330231577158
          ],
          [
            -0.0034861122258007526,
            -0.008068818598985672,
            0.01230105571448803,
            0.005279785953462124,
            0.0013314983807504177,
            0.01145982090383768,
            0.016025979071855545,
            -0.014652195386588573,
            -0.008402852341532707,
            0.002470052568241954,
            0.005794722121208906,
            0.009925632737576962,
            -0.0023305045906454325,
            0.01438629999756813,
            0.01112386304885149,
            -0.003478660713881254
          ],
          [
            -0.0011141218710690737,
            0.0029044891707599163,
            0.0030039066914469004,
            -0.0009136403677985072,
            0.00523557560518384,
            -0.0012166466331109405,
            0.002607413101941347,
            0.00859986525028944,
            0.006790194194763899,
            -0.008569834753870964,
            -0.005735915619879961,
            -0.010221018455922604,
            0.0010206480510532856,
            -0.010552960447967052,
            0.0030303681269288063,
            0.003011387772858143
          ],
          [
            0.0029698063153773546,
            -0.036393385380506516,
            0.020989198237657547,
            0.00436011515557766,
            0.0025586930569261312,
            0.0038660732097923756,
            0.015717756003141403,
            -0.0026380871422588825,
            0.013605376705527306,
            -0.006582178641110659,
            -0.011533312499523163,
            0.00824405625462532,
            0.005245235748589039,
            0.0022994237951934338,
            -0.010154048912227154,
            -0.010143947787582874
          ],
          [
            0.011514363810420036,
            -0.01704230159521103,
            0.004040844272822142,
            -0.0011186660267412663,
            0.0005308270337991416,
            -0.004744833800941706,
            0.001326411496847868,
            0.020658567547798157,
            0.024923177435994148,
            -0.012575528584420681,
            -0.01978195831179619,
            -0.004395523574203253,
            0.009030141867697239,
            -0.02262251265347004,
            -0.020800067111849785,
            -0.0025329263880848885
          ],
          [
            -0.0001715565740596503,
            0.0018009003251791,
            0.007310553919523954,
            -0.007596423849463463,
            -0.0005678462330251932,
            -0.00745552871376276,
            -0.012042347341775894,
            0.00024021216086111963,
            -0.0009789785835891962,
            -0.0037177216727286577,
            0.003806409891694784,
            0.006259383633732796,
            0.0006111301481723785,
            -7.87849712651223e-05,
            0.003960099071264267,
            0.004339883569628
          ],
          [
            -0.007045004516839981,
            0.020337946712970734,
            -0.006111416034400463,
            0.003459159517660737,
            -0.0021384507417678833,
            0.010780613869428635,
            -0.0034719929099082947,
            -0.023278767243027687,
            -0.026069026440382004,
            0.013000410050153732,
            0.01854112558066845,
            -0.0006485744961537421,
            -0.005190016236156225,
            0.02776775322854519,
            0.02537740021944046,
            0.00026264978805556893
          ],
          [
            -0.011548048816621304,
            0.01029209978878498,
            -0.00875198096036911,
            0.005522445309907198,
            -0.00891599990427494,
            -0.0048375301994383335,
            0.0008376766927540302,
            -0.01850930228829384,
            -0.02190149389207363,
            0.023781675845384598,
            0.001298929681070149,
            -0.004731363616883755,
            -0.0028659654781222343,
            0.033939752727746964,
            0.011949102394282818,
            1.9771110601141118e-05
          ],
          [
            0.0034857250284403563,
            -0.043852247297763824,
            0.02146364003419876,
            0.004143741447478533,
            -0.007967169396579266,
            -0.026926806196570396,
            0.017502887174487114,
            0.00508223008364439,
            0.01386816892772913,
            0.010308763943612576,
            -0.02544902078807354,
            0.023227395489811897,
            0.002654864452779293,
            0.0032671422231942415,
            -0.03556280955672264,
            -0.006228760350495577
          ],
          [
            0.009680402465164661,
            0.01435010600835085,
            -0.02056530863046646,
            0.0010224442230537534,
            -0.007152222562581301,
            -0.0012086573988199234,
            -0.012897457927465439,
            0.02399403043091297,
            0.028452036902308464,
            -0.014503717422485352,
            -0.024573946371674538,
            -0.03588041290640831,
            0.01459802407771349,
            -0.023343104869127274,
            -0.006493930704891682,
            0.0009197125909850001
          ],
          [
            0.0002981804427690804,
            0.010232344269752502,
            -0.0043769958429038525,
            -0.006388066802173853,
            0.009446624666452408,
            0.009086796082556248,
            -0.006617617793381214,
            0.009006714448332787,
            0.003788804402574897,
            -0.011771544814109802,
            0.006547203753143549,
            -0.010035713203251362,
            -0.0016448217211291194,
            -0.018179191276431084,
            0.010557329282164574,
            0.006986706517636776
          ],
          [
            0.0012218602932989597,
            -0.03215346857905388,
            0.014983097091317177,
            0.0006761985714547336,
            -0.0012446875916793942,
            0.009200022555887699,
            0.003461838234215975,
            -0.015501909889280796,
            0.0011644329642876983,
            0.0010650212643668056,
            -0.010388522408902645,
            0.02669726312160492,
            0.00209201592952013,
            0.01559247076511383,
            -0.0002965104940813035,
            -0.008055181242525578
          ],
          [
            0.00034184710239060223,
            0.005180483218282461,
            -0.010201134718954563,
            -0.002983096055686474,
            0.0046193464659154415,
            0.030600013211369514,
            -0.0019333598902449012,
            -0.01063071470707655,
            -0.0047474512830376625,
            -0.008584791794419289,
            0.0019457218004390597,
            -0.014888618141412735,
            0.0025335829704999924,
            0.009009486064314842,
            0.023882703855633736,
            0.0009002704755403101
          ],
          [
            -0.01063095685094595,
            0.02925429306924343,
            -0.006181755103170872,
            0.007706719450652599,
            -0.006519578862935305,
            -0.007793262600898743,
            0.003378243651241064,
            -0.019212057814002037,
            -0.03160211816430092,
            0.021319184452295303,
            0.027044059708714485,
            0.00426568603143096,
            -0.011610510759055614,
            0.02517952397465706,
            0.016220124438405037,
            -0.0034041544422507286
          ],
          [
            -0.007134648971259594,
            0.02191568911075592,
            -0.010719007812440395,
            0.004173628054559231,
            -0.00998260173946619,
            0.0008103484869934618,
            0.007808972615748644,
            -0.023887578397989273,
            -0.03376731276512146,
            0.02276170626282692,
            0.024236304685473442,
            -0.00143531640060246,
            -0.007458346895873547,
            0.03824765235185623,
            0.01923219859600067,
            -0.0016534337773919106
          ],
          [
            -0.0007860125624574721,
            0.018077215179800987,
            -0.004129548091441393,
            -0.0022520325146615505,
            0.0037303436547517776,
            0.013139626011252403,
            -0.006817375775426626,
            -0.0038014575839042664,
            -0.008793889544904232,
            -0.003454843768849969,
            0.01215535681694746,
            -0.022008225321769714,
            0.0031217518262565136,
            0.007126769050955772,
            0.014749531634151936,
            0.001822078600525856
          ]
        ],
        "norm1.weight": [
          0.006387128960341215,
          -0.0030411884654313326,
          -0.012971989810466766,
          0.013472483493387699,
          0.000714917725417763,
          -0.003406532807275653,
          0.0007005529478192329,
          -0.0029199253767728806,
          -0.014648250304162502,
          0.0020132199861109257,
          -0.0013264258159324527,
          0.01264469139277935,
          -0.004995145369321108,
          0.013854156248271465,
          -0.007734698709100485,
          0.0019013164564967155
        ],
        "norm1.bias": [
          0.02055254951119423,
          0.012757742777466774,
          0.017257463186979294,
          -0.014131803996860981,
          0.003227795474231243,
          0.005982321687042713,
          -0.006468906998634338,
          -0.0114365853369236,
          -0.016749057918787003,
          -0.020599178969860077,
          0.010790074244141579,
          0.006980530917644501,
          0.023078348487615585,
          0.013412555679678917,
          -0.012997588142752647,
          -0.005737013649195433
        ],
        "fc1.weight": [
          [
            -0.009123565629124641,
            0.010735802352428436,
            0.025077437981963158,
            2.0529263565549627e-05,
            -0.01049306895583868,
            -0.013657786883413792,
            -0.0003440371947363019,
            0.019824020564556122,
            -0.010610762983560562,
            0.0028856289573013783,
            -0.020864345133304596,
            0.00805600080639124,
            0.017785701900720596,
            -0.006923330016434193,
            0.0018561406759545207,
            -0.01424095593392849
          ],
          [
            0.008176305331289768,
            -0.022550813853740692,
            -0.017071180045604706,
            0.009291386231780052,
            0.024941327050328255,
            -0.012076386250555515,
            -0.01268115732818842,
            -0.009508089162409306,
            0.013374080881476402,
            -0.018076853826642036,
            -0.0028429972007870674,
            0.01286744512617588,
            0.006650716532021761,
            0.017368366941809654,
            0.002368577988818288,
            -0.0001845740043791011
          ],
          [
            -0.01012452319264412,
            0.015158397145569324,
            0.00958598405122757,
            0.01112772710621357,
            -0.006703855004161596,
            -0.02824111096560955,
            0.0051454175263643265,
            -0.005870832595974207,
            0.020049868151545525,
            -0.004995765630155802,
            0.0010208056773990393,
            0.023861324414610863,
            -0.005493098869919777,
            -0.0018678958294913173,
            -0.021039558574557304,
            -0.0016182239633053541
          ],
          [
            0.004602968227118254,
            0.007100860122591257,
            0.0023914033081382513,
            -0.0035496128257364035,
            0.01334826834499836,
            -0.007043352350592613,
            -0.0035473431926220655,
            -0.014335623942315578,
            0.007710641250014305,
            -0.0021307498682290316,
            0.015800757333636284,
            0.004109349101781845,
            -0.009214035235345364,
            0.003643247066065669,
            -0.01317997183650732,
            -0.0056009553372859955
          ],
          [
            0.00995597429573536,
            0.005832627881318331,
            0.027847029268741608,
            -0.004520762246102095,
            -0.008311581797897816,
            0.021368879824876785,
            -0.004797109868377447,
            -0.007515131030231714,
            -0.011467911303043365,
            0.013065679930150509,
            0.0188775435090065,
            -0.013123431243002415,
            0.010437182150781155,
            -0.031813882291316986,
            -0.01099061407148838,
            -0.014803213067352772
          ],
          [
            -0.020105978474020958,
            -0.009445568546652794,
            -0.013611188158392906,
            0.008686953224241734,
            0.019238688051700592,
            0.002318171551451087,
            -0.002061626873910427,
            0.0001229327463079244,
            0.03161491081118584,
            -0.010774164460599422,
            0.009553886950016022,
            0.03766880929470062,
            -0.02877700701355934,
            0.004892153199762106,
            -0.028685973957180977,
            -0.000614423246588558
          ],
          [
            -0.004386137705296278,
            -0.02402399480342865,
            0.0026897608768194914,
            0.010442518629133701,
            0.006472039967775345,
            -0.022053051739931107,
            -0.00785733014345169,
            0.0004065767861902714,
            0.016923263669013977,
            -0.008550199680030346,
            -0.0030841275583952665,
            0.02096044085919857,
            -0.0036098335403949022,
            0.020588429644703865,
            0.0019865247886627913,
            -0.006878999061882496
          ],
          [
            -0.02341536432504654,
            -0.04381540045142174,
            -0.024704230949282646,
            0.012381189502775669,
            0.011379996314644814,
            -0.0311836339533329,
            0.008417160250246525,
            0.009909143671393394,
            0.04913070425391197,
            -0.036540936678647995,
            -0.011664753779768944,
            0.07968484610319138,
            -0.024427007883787155,
            0.047833386808633804,
            -0.02206207439303398,
            -0.0009187276591546834
          ],
          [
            -0.015540657564997673,
            -0.0018977229483425617,
            0.019594654440879822,
            0.006730142515152693,
            -0.02494141086935997,
            -0.03280922397971153,
            0.006846099626272917,
            0.029976071789860725,
            -0.001882997341454029,
            -0.01061098463833332,
            -0.01630779169499874,
            0.013646452687680721,
            0.003512643976137042,
            0.021529365330934525,
            0.012863488867878914,
            -0.010734288021922112
          ],
          [
            0.017481571063399315,
            -0.0002445996506139636,
            -0.015139167197048664,
            -0.01682942546904087,
            0.0033498250413686037,
            0.02342907525599003,
            -0.00038431622670032084,
            -0.0030622927006334066,
            -0.01228332705795765,
            0.0016663090791553259,
            0.005614673253148794,
            -0.015071729198098183,
            0.011098179966211319,
            -0.011700830422341824,
            0.010855549946427345,
            0.0012336315121501684
          ],
          [
            0.02008618414402008,
            0.018091175705194473,
            0.01355920359492302,
            0.005267282482236624,
            0.009738982655107975,
            -0.022495809942483902,
            -0.0020001509692519903,
            -0.024508386850357056,
            -0.006278864108026028,
            -0.0016461960040032864,
            0.006991128902882338,
            -0.003811387810856104,
            0.0010190664324909449,
            0.0039321077056229115,
            -0.015469790436327457,
            -0.0023429652210325003
          ],
          [
            0.0021235556341707706,
            -0.01639440841972828,
            -0.0022377027198672295,
            0.00884681474417448,
            0.0010321121662855148,
            -0.03637528046965599,
            -0.005442561581730843,
            0.012637367472052574,
            0.006163416430354118,
            -0.009773840196430683,
            -0.012450836598873138,
            0.013766520656645298,
            0.008579556830227375,
            0.016717461869120598,
            0.01404794305562973,
            -0.0012236544862389565
          ],
          [
            -0.03327566757798195,
            -0.01482455711811781,
            0.012819024734199047,
            0.011820768937468529,
            0.023884333670139313,
            0.0070189181715250015,
            -0.006127301603555679,
            0.009690029546618462,
            0.01147031132131815,
            -0.017046311870217323,
            -0.016714060679078102,
            0.02584708295762539,
            -0.00946408323943615,
            0.027013951912522316,
            -0.006100963801145554,
            -0.026017507538199425
          ],
          [
            0.00986479688435793,
            -0.005640009883791208,
            -0.015845173969864845,
            -0.00186423328705132,
            0.013720748946070671,
            0.01109137199819088,
            -0.00809005368500948,
            -0.012360235676169395,
            0.009286612272262573,
            0.001340774237178266,
            0.004410674329847097,
            0.005097300745546818,
            0.002337814075872302,
            -0.015592103824019432,
            -0.006048882380127907,
            0.008290857076644897
          ],
          [
            -0.021117988973855972,
            -0.011091558262705803,
            -0.018272433429956436,
            0.027177127078175545,
            0.004327936097979546,
            -0.055701300501823425,
            -0.0005267486558295786,
            0.01986568234860897,
            0.02826623059809208,
            -0.037863317877054214,
            -0.006908982992172241,
            0.028417283669114113,
            -0.019844962283968925,
            0.05913928523659706,
            0.013099508360028267,
            -0.008974675089120865
          ],
          [
            -0.011299488134682178,
            0.006624544970691204,
            0.005265630781650543,
            0.0019982000812888145,
            -0.006763453129678965,
            -0.009669525548815727,
            0.012715725228190422,
            0.0019372912356629968,
            0.004357769154012203,
            -0.017400585114955902,
            -0.0013724776217713952,
            0.008159973658621311,
            -0.012152564711868763,
            0.02971401996910572,
            -0.004560673609375954,
            -0.007547452114522457
          ],
          [
            0.032956451177597046,
            -0.016278449445962906,
            0.003595378715544939,
            -0.007193184923380613,
            0.0020888596773147583,
            0.0005851192399859428,
            -0.007967290468513966,
            -0.015391516499221325,
            -0.013772675767540932,
            0.001080268295481801,
            0.017803866416215897,
            -0.014585260301828384,
            0.015840720385313034,
            -0.011273905634880066,
            0.00661942595615983,
            0.006014224607497454
          ],
          [
            0.001076237647794187,
            0.004358095116913319,
            -0.007135307881981134,
            0.0010961070656776428,
            0.0061963689513504505,
            -0.031257301568984985,
            -0.006229768507182598,
            0.010737670585513115,
            0.012292695231735706,
            -0.01948176883161068,
            -0.0007371225510723889,
            0.0162431038916111,
            -0.005506893154233694,
            0.015543067827820778,
            0.004684802144765854,
            -0.001811460591852665
          ],
          [
            -0.02538362517952919,
            -0.003056100569665432,
            -0.0392068549990654,
            0.013220167718827724,
            0.01020832359790802,
            -0.000723468023352325,
            -0.009082537144422531,
            0.007171922363340855,
            0.037593673914670944,
            -0.02074555866420269,
            0.004465807694941759,
            0.026234887540340424,
            -0.024415913969278336,
            0.011773811653256416,
            0.003500266931951046,
            0.00835957657545805
          ],
          [
            -0.008155539631843567,
            0.006605484522879124,
            0.0016199130332097411,
            -0.003991956356912851,
            0.012646770104765892,
            0.012219839729368687,
            0.00322524132207036,
            -0.009959518909454346,
            0.003918481525033712,
            0.0021052968222647905,
            -0.003957205917686224,
            0.010461998172104359,
            -0.0088333236053586,
            0.0018525298219174147,
            -0.017934106290340424,
            -0.0018087998032569885
          ],
          [
            0.015691140666604042,
            -0.00765839871019125,
            0.0038088103756308556,
            -0.02032593823969364,
            -0.0070421709679067135,
            0.01499621756374836,
            0.008516552858054638,
            0.0038636194076389074,
            -0.023112023249268532,
            -0.0028194424230605364,
            -0.000202102935872972,
            -0.01430902536958456,
            0.012990519404411316,
            0.005244361702352762,
            0.012829400599002838,
            -0.002420846140012145
          ],
          [
            -0.0008124992600642145,
            0.02427959255874157,
            0.006769698578864336,
            0.003966653253883123,
            -0.0004840535984840244,
            0.01030033826828003,
            0.006768880877643824,
            -0.022379310801625252,
            0.0014762424398213625,
            -0.013570821844041348,
            0.013983897864818573,
            -0.0070273843593895435,
            0.0007192851626314223,
            -0.0022531992290169,
            -0.017250267788767815,
            -0.0044753896072506905
          ],
          [
            -0.0008305166265927255,
            -0.004192400723695755,
            0.0006292326143011451,
            0.0027256719768047333,
            -0.008456114679574966,
            -0.0046033794060349464,
            0.007041855249553919,
            0.0026301254983991385,
            -0.0022278903052210808,
            -0.004150765016674995,
            0.009436485357582569,
            -0.0019056033343076706,
            -0.012038752436637878,
            0.006854963023215532,
            0.0012035078834742308,
            0.007900286465883255
          ],
          [
            -0.009135703556239605,
            -0.00420505041256547,
            6.037798084435053e-05,
            0.003971526864916086,
            0.0028392497915774584,
            0.005156830418854952,
            -0.005038273986428976,
            0.006754099391400814,
            0.0037488462403416634,
            0.005403792019933462,
            0.0040460070595145226,
            0.002216549590229988,
            -0.014022101648151875,
            -0.0007330143125727773,
            0.00048721328494139016,
            -0.00155222590547055
          ],
          [
            -0.004660193808376789,
            -0.007067420519888401,
            -0.005666483659297228,
            0.003374941647052765,
            0.00025041663320735097,
            -0.0006574441213160753,
            -0.0017961451085284352,
            0.00686840433627367,
            0.003610459389165044,
            -0.005318818613886833,
            -0.0025877251755446196,
            0.0023230984807014465,
            0.0025024155620485544,
            0.003768253605812788,
            0.0056444876827299595,
            -0.0006168727995827794
          ],
          [
            0.02373197115957737,
            0.01878414861857891,
            -0.0059738787822425365,
            -0.025276178494095802,
            -0.025917846709489822,
            0.030703267082571983,
            0.011916465125977993,
            -0.005197697784751654,
            -0.027465982362627983,
            0.0240264181047678,
            0.0038712818641215563,
            -0.03368110954761505,
            0.018174365162849426,
            -0.03588521480560303,
            0.006428022403270006,
            0.02171776443719864
          ],
          [
            -0.001359865884296596,
            -0.00789903849363327,
            0.0007928984705358744,
            0.0012591930571943521,
            -0.004377728793770075,
            0.0032839137129485607,
            -0.0008786889375187457,
            0.006637135986238718,
            -0.003546677762642503,
            -0.005105164367705584,
            -0.008566894568502903,
            0.00285253650508821,
            0.008971519768238068,
            0.0009210316929966211,
            0.01204838976264,
            -0.0050708940252661705
          ],
          [
            0.029412448406219482,
            0.010029063560068607,
            0.003384603885933757,
            -0.017779573798179626,
            -0.010978986509144306,
            -0.009000535123050213,
            0.006331330630928278,
            -0.01775292307138443,
            -0.010655403137207031,
            0.012937994673848152,
            0.022526493296027184,
            -0.019412672147154808,
            -0.0018214965239167213,
            -0.00879115704447031,
            -0.008661642670631409,
            0.020359279587864876
          ],
          [
            -0.006441590841859579,
            -0.011674413457512856,
            3.2226904295384884e-05,
            -0.0021934164687991142,
            0.0034802882000803947,
            0.006122739519923925,
            0.002084044273942709,
            0.0031919560860842466,
            0.004728418309241533,
            0.0013897637836635113,
            -0.002084119711071253,
            0.013110093772411346,
            -0.00705362344160676,
            0.006726195104420185,
            -0.007277145516127348,
            -0.004136804025620222
          ],
          [
            -0.03126668930053711,
            0.0017431549495086074,
            -0.008187225088477135,
            0.021018454805016518,
            0.02552470751106739,
            -0.00140788231510669,
            -7.135787018341944e-05,
            -0.005419405177235603,
            0.023897001519799232,
            -0.0015781515976414084,
            -0.018067622557282448,
            0.02900504693388939,
            -0.02891576662659645,
            0.015937579795718193,
            -0.0271468423306942,
            0.004866588395088911
          ],
          [
            -0.01206385251134634,
            -0.011007905937731266,
            -0.010001005604863167,
            0.003978266846388578,
            -0.00037072456325404346,
            -0.00651661679148674,
            -0.001059375936165452,
            0.01035214401781559,
            0.0172463059425354,
            -0.0035464761313050985,
            0.0008197350543923676,
            0.018624084070324898,
            -0.012589199468493462,
            0.007019511424005032,
            -0.0004141672980040312,
            -0.0005003780825063586
          ],
          [
            -0.003977023996412754,
            0.001310967025347054,
            0.0029908400028944016,
            -0.0024860703852027655,
            -0.006164856255054474,
            0.012198868207633495,
            0.0028027573134750128,
            0.006035794038325548,
            -0.007739117834717035,
            0.005098904948681593,
            -0.006929899100214243,
            -0.002297693630680442,
            0.001512059010565281,
            -0.004855030681937933,
            0.0027128092478960752,
            -0.0002510658814571798
          ]
        ],
        "fc1.bias": [
          0.007087233010679483,
          0.009891020134091377,
          0.003544305916875601,
          0.016820931807160378,
          -0.02768191136419773,
          0.015209438279271126,
          0.01124747283756733,
          0.05051083117723465,
          0.024073246866464615,
          -0.004731109831482172,
          0.015465233474969864,
          0.019753366708755493,
          0.010257711634039879,
          -0.0120042460039258,
          0.0374721884727478,
          0.017619021236896515,
          0.004629404284060001,
          0.034861352294683456,
          0.007058094255626202,
          0.005403407849371433,
          0.013090910390019417,
          -0.013601432554423809,
          0.0075712357647717,
          0.001249244436621666,
          -0.001662002527154982,
          -0.017816707491874695,
          -0.005670459941029549,
          0.01911102421581745,
          0.007314876653254032,
          -0.0022315632086247206,
          0.006763151381164789,
          -0.004811830818653107
        ],
        "fc2.weight": [
          [
            -0.0317850299179554,
            0.016607144847512245,
            -0.0065038674511015415,
            0.00404773373156786,
            -0.0009536524303257465,
            -0.03014768660068512,
            -0.0055946242064237595,
            -0.04440087825059891,
            -0.0256680678576231,
            0.006555312313139439,
            -0.008682661689817905,
            -0.02327200211584568,
            -0.00694119930267334,
            -0.001176611054688692,
            0.015386092476546764,
            0.006678333040326834,
            0.02559671364724636,
            -0.001091823331080377,
            0.0017031683819368482,
            -0.027357421815395355,
            0.010372353717684746,
            -0.027410974726080894,
            -0.001821578131057322,
            0.010879701934754848,
            -0.0025848320219665766,
            0.016380170360207558,
            0.006323111709207296,
            0.029748212546110153,
            -0.006643097847700119,
            0.0043288967572152615,
            0.007325813639909029,
            0.020401624962687492
          ],
          [
            0.007864194922149181,
            -0.01893858052790165,
            0.007661585696041584,
            0.012690231204032898,
            0.019398599863052368,
            -0.007390150800347328,
            -0.027455221861600876,
            -0.0237538143992424,
            0.022497842088341713,
            0.006743497680872679,
            0.020300082862377167,
            0.0038077186327427626,
            0.028984475880861282,
            0.012204406782984734,
            0.008626661263406277,
            0.050974976271390915,
            -0.01663203537464142,
            -0.01563788577914238,
            -0.003993288613855839,
            -0.00017017290520016104,
            -0.005453895777463913,
            0.007125310134142637,
            -0.038064826279878616,
            0.0393817201256752,
            0.004085069987922907,
            0.01468246802687645,
            0.007727993186563253,
            0.018757706508040428,
            -0.014102115295827389,
            0.005321952048689127,
            -0.013051793910562992,
            -0.01021901797503233
          ],
          [
            0.006950141862034798,
            -0.016581427305936813,
            -0.00407470902428031,
            0.009407781064510345,
            -0.0023068145383149385,
            0.0027297234628349543,
            -0.017525125294923782,
            -0.016526684165000916,
            0.0056243157014250755,
            0.008225396275520325,
            0.013901462778449059,
            -0.008102179504930973,
            0.021789265796542168,
            0.006209575105458498,
            -0.008341182954609394,
            0.03682353347539902,
            -0.010093959979712963,
            -0.011826867237687111,
            -0.015115761198103428,
            -0.003517222823575139,
            -0.011058423668146133,
            -0.004726299550384283,
            -0.011650110594928265,
            0.02274036593735218,
            0.001973695820197463,
            0.017938189208507538,
            0.0028623156249523163,
            0.011761452071368694,
            -0.007922089658677578,
            0.013799321837723255,
            -0.01107356883585453,
            -0.007528356276452541
          ],
          [
            -0.013430558145046234,
            -0.008819949813187122,
            -0.009230200201272964,
            0.00895860604941845,
            0.007951924577355385,
            0.004961059894412756,
            0.01032982300966978,
            0.05530034378170967,
            0.018217701464891434,
            0.02420124039053917,
            0.026728685945272446,
            0.007702966220676899,
            0.0020884363912045956,
            -0.0057362644001841545,
            0.0212580393999815,
            0.042701415717601776,
            0.002097976626828313,
            0.023144550621509552,
            0.0023328796960413456,
            0.0011886819265782833,
            -0.04075070470571518,
            0.004008243326097727,
            0.010350718162953854,
            0.007852932438254356,
            -0.0013538190396502614,
            0.021317971870303154,
            -0.007896344177424908,
            -0.012572919949889183,
            -0.0020642743911594152,
            0.03400040790438652,
            -0.008266198448836803,
            -0.01648707129061222
          ],
          [
            -0.02020266465842724,
            -0.004159986507147551,
            0.0033601042814552784,
            0.009052672423422337,
            0.0039195716381073,
            0.013995111919939518,
            0.0025123865343630314,
            0.016476033255457878,
            0.0026568148750811815,
            0.001386374467983842,
            0.006581412628293037,
            0.0029951906763017178,
            0.008006617426872253,
            -0.012662224471569061,
            -0.011049940250813961,
            0.005181621294468641,
            0.0014923756243661046,
            0.009229440242052078,
            -0.011603618040680885,
            0.004445005673915148,
            -0.017258010804653168,
            -0.005799447186291218,
            -0.00470837764441967,
            -0.0030541259329766035,
            0.007791733834892511,
            0.007393502164632082,
            0.0045966655015945435,
            -0.013801459223031998,
            0.009624353609979153,
            -0.012495645321905613,
            -0.017949413508176804,
            -0.0033775754272937775
          ],
          [
            -0.007307177875190973,
            -0.00031833714456297457,
            0.008377421647310257,
            -0.014338677749037743,
            -0.014864107593894005,
            -0.012977158650755882,
            -0.01234927587211132,
            0.034267961978912354,
            -0.029431572183966637,
            -0.011860856786370277,
            -0.004622315987944603,
            -0.03520824387669563,
            0.008351277559995651,
            -0.01337821688503027,
            -0.04177381843328476,
            -0.019128302112221718,
            -0.04717724770307541,
            -0.013961656019091606,
            -0.005290461238473654,
            -0.017109161242842674,
            0.014101793989539146,
            -0.04539128392934799,
            0.03504198417067528,
            0.012394311837852001,
            0.01071796752512455,
            -0.028448984026908875,
            0.003789416514337063,
            0.0064528449438512325,
            0.020200436934828758,
            0.009500585496425629,
            0.01672537624835968,
            0.0032993212807923555
          ],
          [
            -0.005255893338471651,
            0.009153672493994236,
            0.0004435593436937779,
            0.0009861914440989494,
            -0.0013124678516760468,
            -0.010261094197630882,
            -0.00033270168933086097,
            -0.024969810619950294,
            -0.009464696981012821,
            0.0005643645417876542,
            -0.00364408316090703,
            -0.004342132713645697,
            -0.007699057925492525,
            0.004418770782649517,
            0.010804337449371815,
            -0.002031370997428894,
            0.012436477467417717,
            -0.00775121757760644,
            0.000511298596393317,
            -0.00801518652588129,
            0.008993210271000862,
            -0.0036430128384381533,
            -0.013090423308312893,
            -0.0028471092227846384,
            -0.003299390897154808,
            0.0029533521737903357,
            0.0024743436370044947,
            0.009672756306827068,
            -0.00641224579885602,
            0.0001947263372130692,
            0.005082260817289352,
            0.014956570230424404
          ],
          [
            0.0331827774643898,
            -0.0007138955988921225,
            -0.02369297295808792,
            0.001526501844637096,
            0.0007713405648246408,
            0.008577690459787846,
            0.008138422854244709,
            -0.018753571435809135,
            0.005679342895746231,
            0.0038445894606411457,
            -0.010856537148356438,
            0.01440556813031435,
            -0.004956400021910667,
            0.016753679141402245,
            -0.0032187618780881166,
            0.007390264421701431,
            0.01645023003220558,
            0.011016804724931717,
            0.013800295069813728,
            0.022627241909503937,
            0.007645977195352316,
            0.02281268499791622,
            0.017706148326396942,
            -0.009922925382852554,
            -0.013108307495713234,
            -0.010422937572002411,
            -0.005732685327529907,
            0.016275040805339813,
            -0.011336236260831356,
            0.02126334235072136,
            0.014404534362256527,
            -0.007775695063173771
          ],
          [
            0.01788582280278206,
            -0.016982244327664375,
            -0.02044050022959709,
            0.008593961596488953,
            0.013582807034254074,
            0.03371099755167961,
            0.015251432545483112,
            0.04668811708688736,
            0.006507156416773796,
            0.006387658417224884,
            0.01293051429092884,
            0.017171302810311317,
            0.02151697874069214,
            -0.008671384304761887,
            0.005799154285341501,
            0.039696548134088516,
            -0.021362893283367157,
            0.0508643239736557,
            0.02776273712515831,
            0.02483993209898472,
            -0.018995795398950577,
            0.014559280127286911,
            0.0331629142165184,
            0.011465580202639103,
            -0.0018538922304287553,
            -0.007654892280697823,
            -0.008501265197992325,
            -0.01086687482893467,
            0.006763811688870192,
            0.01961645483970642,
            -0.0013834505807608366,
            -0.025208868086338043
          ],
          [
            -0.013665960170328617,
            -0.00018513656686991453,
            -0.004256820771843195,
            0.008432150818407536,
            0.008349682204425335,
            0.004647133406251669,
            -0.0002658188750501722,
            -0.03162280097603798,
            0.00955139473080635,
            -0.0006005609757266939,
            -0.00907861813902855,
            0.015884943306446075,
            0.013907535932958126,
            0.004113685805350542,
            -0.02745760977268219,
            -0.0013530447613447905,
            0.020417897030711174,
            -0.030586568638682365,
            -0.02370748482644558,
            0.008924371562898159,
            -0.0014694711426272988,
            0.0121277691796422,
            -0.02622760459780693,
            0.0001922361843753606,
            0.007552245166152716,
            0.0030650398693978786,
            0.007721094414591789,
            0.003424053778871894,
            -0.0007995270425453782,
            -0.03585539013147354,
            -0.02475544437766075,
            -0.0040608979761600494
          ],
          [
            -0.0061257584020495415,
            0.0018075729021802545,
            0.015725692734122276,
            0.0018558750161901116,
            -0.020949851721525192,
            -0.007324509788304567,
            -0.020897744223475456,
            -0.0487290695309639,
            -0.002699980279430747,
            -0.0015034237876534462,
            0.015011736191809177,
            -0.022532790899276733,
            -0.004689742345362902,
            0.0006648202543146908,
            -0.02886621281504631,
            0.006050902884453535,
            0.008424967527389526,
            -0.03581484407186508,
            -0.033749498426914215,
            -0.014739396050572395,
            0.0024967913050204515,
            -0.007798411883413792,
            -0.022476889193058014,
            -0.01165968831628561,
            0.0005447499570436776,
            0.0109555097296834,
            0.004650217946618795,
            0.010066850110888481,
            -0.00799967534840107,
            0.008158398792147636,
            -0.004371149931102991,
            0.00658738799393177
          ],
          [
            0.032571494579315186,
            -0.02221141941845417,
            -0.015180198475718498,
            0.003314365865662694,
            0.007743370719254017,
            0.02977568283677101,
            0.009821487590670586,
            0.053494397550821304,
            0.024945374578237534,
            0.0014238363364711404,
            0.009091395884752274,
            0.018305478617548943,
            1.8855242160498165e-05,
            0.0013175535714253783,
            0.007148737087845802,
            0.004923828411847353,
            -0.034608855843544006,
            0.03652769327163696,
            0.017843522131443024,
            0.028231266885995865,
            -0.022774789482355118,
            0.0171637162566185,
            0.02466597966849804,
            -0.0068991282023489475,
            -0.0031363724265247583,
            -0.020301632583141327,
            -0.011069457978010178,
            -0.02520127221941948,
            0.003943692427128553,
            0.02235637605190277,
            0.0060123358853161335,
            -0.029559601098299026
          ],
          [
            -0.006571622099727392,
            -0.0075072175823152065,
            -0.020183300599455833,
            0.014369135722517967,
            0.005981873720884323,
            -0.005462594795972109,
            -0.015292291529476643,
            -0.09071476757526398,
            0.0020332203712314367,
            -0.010048975236713886,
            -0.00212329113855958,
            -0.003498681588098407,
            0.0012227753177285194,
            0.01612051948904991,
            -0.004586285911500454,
            0.0039174482226371765,
            0.005070178769528866,
            -0.02428208850324154,
            -0.0067049660719931126,
            -0.006352341268211603,
            -0.0031740053091198206,
            -0.0031542193610221148,
            -0.04539535939693451,
            -0.0029518899973481894,
            0.0028987897094339132,
            -0.003054663073271513,
            0.007558547426015139,
            0.006831632927060127,
            -0.021683592349290848,
            -0.016978206112980843,
            -0.0030494751408696175,
            -0.005392694845795631
          ],
          [
            0.016015149652957916,
            -0.0036734917666763067,
            0.016505781561136246,
            -0.01321206521242857,
            -0.008935683406889439,
            -0.016414087265729904,
            -0.001071615726687014,
            0.05170731991529465,
            0.005780499428510666,
            0.007111310958862305,
            -0.0015714663313701749,
            0.004392610862851143,
            -0.020215366035699844,
            0.007465008180588484,
            0.03797491267323494,
            -0.011768595315515995,
            0.0021666265092790127,
            0.006407686043530703,
            -0.0011504696449264884,
            -0.005899704992771149,
            -0.0063112471252679825,
            -0.0015753722982481122,
            0.00768209807574749,
            0.001020071329548955,
            -0.008281737565994263,
            0.020176762714982033,
            -0.009988171979784966,
            -0.012980020605027676,
            0.004899884108453989,
            0.021219538524746895,
            -0.004311113152652979,
            0.017184393480420113
          ],
          [
            0.012770452536642551,
            0.004165819846093655,
            0.010178977623581886,
            -0.010174411348998547,
            -0.004994729533791542,
            -0.03223779797554016,
            -0.010429619811475277,
            -0.020956475287675858,
            -0.011317008174955845,
            0.004607380833476782,
            -0.0038822116330266,
            -0.0010551664745435119,
            -0.009760595858097076,
            0.018678057938814163,
            0.012374269776046276,
            -0.005669086705893278,
            0.01518198847770691,
            -0.026922494173049927,
            -0.00018083752365782857,
            -0.012925278395414352,
            0.02270585484802723,
            -0.0034028200898319483,
            -0.017585067078471184,
            0.001982951071113348,
            -0.004525601398199797,
            0.003139112377539277,
            -0.0032228948548436165,
            0.010399912483990192,
            -0.00384312029927969,
            0.0052047111093997955,
            0.005503537133336067,
            0.013925082981586456
          ],
          [
            -0.043112292885780334,
            -0.002080753445625305,
            -0.020862450823187828,
            0.0017155897803604603,
            -0.0012929782969877124,
            -0.02874751202762127,
            -0.011766567826271057,
            -0.03479081392288208,
            -0.04242844134569168,
            -0.01790902391076088,
            -0.02195361629128456,
            -0.023906122893095016,
            -0.006086168810725212,
            -0.0031773352529853582,
            -0.028260331600904465,
            -0.028524145483970642,
            -0.01033835206180811,
            -0.01598196290433407,
            -0.005787162575870752,
            -0.02426435612142086,
            -0.0022963585797697306,
            -0.06260645389556885,
            -0.011108326725661755,
            0.0003408902557566762,
            0.01395412441343069,
            -0.016701359301805496,
            0.01259051263332367,
            0.0026319578755646944,
            0.002474691718816757,
            -0.021828390657901764,
            -0.002069318201392889,
            0.011240602470934391
          ]
        ],
        "fc2.bias": [
          -0.017909375950694084,
          -0.008752120658755302,
          -0.011471902951598167,
          0.02331068366765976,
          -0.011012014001607895,
          -0.03549070283770561,
          0.001643453724682331,
          0.04221898317337036,
          0.07130447030067444,
          -0.03953767567873001,
          -0.04837466776371002,
          0.024058924987912178,
          -0.09622696042060852,
          0.05586323142051697,
          0.02237831987440586,
          -0.12720128893852234
        ],
        "norm2.weight": [
          -0.003939472138881683,
          0.02390025183558464,
          0.03105623833835125,
          0.009245037101209164,
          -0.0006632688455283642,
          0.01897532306611538,
          0.0007332217646762729,
          0.0038187780883163214,
          0.028697507455945015,
          0.023865917697548866,
          0.002151512075215578,
          0.03104507178068161,
          0.01203964464366436,
          0.01264032069593668,
          0.017050471156835556,
          -0.0018689179560169578
        ],
        "norm2.bias": [
          -0.009303449653089046,
          0.007038872689008713,
          -0.005620666779577732,
          -0.0037457658909261227,
          -0.004976012744009495,
          -0.01572374254465103,
          -0.003192910924553871,
          -0.013573289848864079,
          0.03948094695806503,
          -0.02113163284957409,
          0.0011883853003382683,
          0.010391110554337502,
          -0.0021736384369432926,
          0.006883727386593819,
          0.006563627161085606,
          0.0030345211271196604
        ]
      },
      "max_param_diff": 0.0010075569152832031,
      "lr": 0.001
    }
  },
  "exact_resume_verification": {
    "step_2_resumed": {
      "sample_ids": [
        "sample_004",
        "sample_005",
        "sample_006",
        "sample_007"
      ],
      "loss": 2.1111929416656494,
      "grad_norm": 0.6463186144828796,
      "gradients": {
        "q_proj.weight": [
          [
            0.002421226119622588,
            -0.0015957823488861322,
            -0.0006032033124938607,
            -0.0015429987106472254,
            0.0022656191140413284,
            -0.0001014856097754091,
            0.0003693611070048064,
            -0.003800496459007263,
            -1.1542266292963177e-05,
            -0.0008283948991447687,
            -0.00040314157376997173,
            -0.00013225109432823956,
            0.0002919615071732551,
            0.002954071620479226,
            0.0005938166286796331,
            0.0001341784663964063
          ],
          [
            0.0011228456860408187,
            0.0022715828381478786,
            0.002826153067871928,
            0.0014714272692799568,
            -0.0004862365312874317,
            0.0006639276398345828,
            -0.002397028962150216,
            0.0019414772978052497,
            -0.004146964754909277,
            0.0028548510745167732,
            0.0018058292334899306,
            -0.004466824699193239,
            0.000669434666633606,
            -0.0032948129810392857,
            -0.00026684688054956496,
            -0.0005790087743662298
          ],
          [
            0.005510305520147085,
            -0.002318110316991806,
            -0.003120525274425745,
            0.0022759269922971725,
            -0.0006890264921821654,
            -0.0013825956266373396,
            0.0001273539528483525,
            -0.00028525691595859826,
            -0.004507565870881081,
            -0.005921012721955776,
            0.0055962493643164635,
            -0.006215597502887249,
            -0.003659960115328431,
            0.008140102960169315,
            0.0030044042505323887,
            0.0034980603959411383
          ],
          [
            0.005114929750561714,
            -0.000863799185026437,
            -0.0007695978856645525,
            -0.001869845436885953,
            0.0014401465887203813,
            0.0016946378163993359,
            0.0001682843139860779,
            -0.00297598191536963,
            -0.0035525530111044645,
            -2.3907698505354347e-06,
            0.003453807206824422,
            -0.0042164260521531105,
            -0.0010520799551159143,
            0.0021438782569020987,
            0.0006489118677563965,
            0.0006565615767613053
          ],
          [
            0.004715000279247761,
            0.0021158638410270214,
            -0.0012063489994034171,
            -0.0033132927492260933,
            -0.000326680950820446,
            0.0069484771229326725,
            0.0008940063999034464,
            0.0024255840107798576,
            -0.00838621985167265,
            0.002511051017791033,
            0.003494792152196169,
            -0.00734385522082448,
            0.002402555663138628,
            -0.004717840813100338,
            0.0014110131887719035,
            -0.001639211899600923
          ],
          [
            0.007907324470579624,
            -0.0010076345643028617,
            -0.0017199849244207144,
            0.00021922707674093544,
            -0.0004614582867361605,
            0.0010590674355626106,
            0.0007469446863979101,
            -0.003006801474839449,
            -0.007549751549959183,
            -0.0015401343116536736,
            0.006304892711341381,
            -0.009295006282627583,
            -0.0018102597678080201,
            0.004419468343257904,
            0.002201972994953394,
            0.0035693382378667593
          ],
          [
            0.008142327889800072,
            -0.0030672482680529356,
            -0.005837398115545511,
            0.0006890757358632982,
            -0.000662216218188405,
            -0.00235970551148057,
            0.002877183025702834,
            -0.005295098759233952,
            -0.002343366388231516,
            -0.007259249687194824,
            0.006339593790471554,
            -0.005774674471467733,
            -0.0029727795626968145,
            0.00882626511156559,
            0.002844834001734853,
            0.005908988416194916
          ],
          [
            -0.000361375481588766,
            0.003870300715789199,
            0.002295509912073612,
            -0.00013925554230809212,
            -0.0008467903244309127,
            0.000450791121693328,
            -0.0015597966266795993,
            0.001451436197385192,
            -0.0010237123351544142,
            0.004219495691359043,
            0.001231109956279397,
            -0.0009948828956112266,
            0.0011940168915316463,
            -0.006087147165089846,
            -0.001617629430256784,
            -0.0020939370151609182
          ],
          [
            -0.01040409691631794,
            0.0007041902281343937,
            0.0036633957643061876,
            -0.0004060236387886107,
            0.0006602198118343949,
            0.00016274649533443153,
            -0.0012843095464631915,
            0.004121461883187294,
            0.007333262823522091,
            0.003426564624533057,
            -0.009344862774014473,
            0.010463634505867958,
            0.002629408147186041,
            -0.00486765056848526,
            -0.0024878422264009714,
            -0.0044209943152964115
          ],
          [
            0.0011581684229895473,
            -0.0012008355697616935,
            -0.003999364096671343,
            0.008128204382956028,
            -0.0021947380155324936,
            -0.006214145105332136,
            -2.4125047275447287e-05,
            0.0007749469950795174,
            0.000766036391723901,
            -0.006861381698399782,
            0.004344125743955374,
            -0.0022183668334037066,
            -0.00430220877751708,
            0.004829213954508305,
            0.0006219474598765373,
            0.006420009769499302
          ],
          [
            0.003052076091989875,
            -0.00020157283870503306,
            0.003207867732271552,
            -0.0014103340217843652,
            5.487414091476239e-05,
            0.0035689189098775387,
            0.00013602440594695508,
            -0.003203554777428508,
            -0.005069107748568058,
            0.006063477136194706,
            0.0029343904461711645,
            -0.005298040807247162,
            -0.0008226545178331435,
            -0.002913942327722907,
            -0.0013849122915416956,
            0.0012703249230980873
          ],
          [
            0.0018472333904355764,
            0.0031192400492727757,
            -0.0006166803068481386,
            0.0004890819545835257,
            0.0011129729682579637,
            -0.0024152982514351606,
            -0.0015048052882775664,
            -0.0008239742601290345,
            0.0017096961382776499,
            -0.00033964126487262547,
            0.0016560254152864218,
            7.48439779272303e-05,
            0.0014854974579066038,
            -0.0036110556684434414,
            -0.000973501184489578,
            -0.0012127211084589362
          ],
          [
            -0.0008973113144747913,
            0.0006543456693179905,
            0.0015030839713290334,
            -0.0027431794442236423,
            0.00015289463044609874,
            0.0035891563165932894,
            0.00021822977578267455,
            0.0012140371836721897,
            -0.002088133478537202,
            0.003087372984737158,
            -0.0021874168887734413,
            -0.0002823276736307889,
            0.00220692646689713,
            -0.0023787296377122402,
            0.0001773002150002867,
            -0.002242281101644039
          ],
          [
            -0.00044831447303295135,
            0.0008609304204583168,
            -0.0014869068982079625,
            -0.0003298116789665073,
            0.0006354753859341145,
            -0.0031661775428801775,
            -0.0001859542535385117,
            -0.00018531485693529248,
            0.003980597946792841,
            -0.0034700953401625156,
            -0.0019429089734330773,
            0.0030708215199410915,
            0.0020764595828950405,
            0.0009298117947764695,
            0.0008068541064858437,
            -0.0011380206560716033
          ],
          [
            0.00438070110976696,
            -0.0011098082177340984,
            -0.0018527907086536288,
            0.0019414526177570224,
            -0.0022617746144533157,
            0.0030314226169139147,
            0.0010814853012561798,
            0.0012853372609242797,
            -0.007771892473101616,
            -0.0007143177790567279,
            0.006434939336031675,
            -0.008067717775702477,
            -0.003373810090124607,
            0.002155266236513853,
            0.0015130956890061498,
            0.003348767291754484
          ],
          [
            0.0021330940071493387,
            0.0031059416942298412,
            0.0017741838237270713,
            0.0002783666714094579,
            -0.0002226517244707793,
            0.0019593804609030485,
            -0.0014066443545743823,
            0.0009598088799975812,
            -0.004096277989447117,
            0.004024499095976353,
            0.002898396458476782,
            -0.004517906345427036,
            0.0011672490509226918,
            -0.006200137548148632,
            -0.0010877856984734535,
            -0.0007910675485618412
          ]
        ],
        "k_proj.weight": [
          [
            -0.0013874971773475409,
            -0.0017355059972032905,
            -0.003966532647609711,
            0.0006499969749711454,
            0.0008422812097705901,
            0.000863300752826035,
            -0.001240805839188397,
            1.0028589713328984e-05,
            0.0004898820188827813,
            0.0011696204310283065,
            -0.0009440479334443808,
            -0.001865493250079453,
            -0.00031043769558891654,
            0.001372601604089141,
            0.0036868799943476915,
            0.0023747063241899014
          ],
          [
            0.001367964199744165,
            0.0006086229695938528,
            -0.001106595154851675,
            -0.00571829080581665,
            -0.006625378038734198,
            0.001281667617149651,
            0.0012068725191056728,
            0.0022425069473683834,
            0.00013944243255537003,
            0.0035098872613161802,
            -0.0036010737530887127,
            0.003924448974430561,
            0.005534626543521881,
            -0.007575328927487135,
            0.0023737566079944372,
            0.00243470654822886
          ],
          [
            0.0012525422498583794,
            0.000529386627022177,
            -0.001528036082163453,
            -0.004992630798369646,
            -0.0023984904401004314,
            0.0025341741275042295,
            0.0006727965665049851,
            -0.00022729889315087348,
            -0.00032136638765223324,
            0.0035413317382335663,
            -0.0027907127514481544,
            0.001440773718059063,
            0.0039005842991173267,
            -0.0050431061536073685,
            0.0010106052504852414,
            0.002419523661956191
          ],
          [
            0.001545425970107317,
            -0.0032756382133811712,
            -0.0017006739508360624,
            -0.001879052142612636,
            -0.0022004698403179646,
            0.0011528900358825922,
            0.0011439828667789698,
            0.0003374747757334262,
            -0.001655894098803401,
            0.0002581944572739303,
            -0.0020722183398902416,
            0.00044728038483299315,
            0.0042576296254992485,
            -0.0017665073974058032,
            0.003254916286095977,
            0.0021496035624295473
          ],
          [
            -0.009136993438005447,
            0.0006628400296904147,
            -0.0007825879729352891,
            0.002892866963520646,
            0.0021526962518692017,
            -0.0023388033732771873,
            -0.003316587535664439,
            0.0027905332390218973,
            0.00603071041405201,
            0.0015288518043234944,
            -0.006327722687274218,
            0.005936000496149063,
            -0.0028693662025034428,
            0.003675919258967042,
            0.002122927689924836,
            -0.003005320206284523
          ],
          [
            0.0023444821126759052,
            -0.0015575754223391414,
            -0.000941956473980099,
            -0.0010081855580210686,
            0.0008765163947828114,
            0.0007655867375433445,
            -0.00012123974011046812,
            1.241230393134174e-06,
            -0.000783700670581311,
            -0.0008266732911579311,
            0.002290273318067193,
            -0.0015535212587565184,
            -0.0001586192665854469,
            -0.0004841273766942322,
            0.0009506336064077914,
            0.00020303481142036617
          ],
          [
            -0.005583768244832754,
            -0.000461936229839921,
            -0.0015109641244634986,
            0.005522831343114376,
            0.0036837966181337833,
            -0.0032269551884382963,
            -0.003623956348747015,
            0.0023305569775402546,
            0.0045700957998633385,
            -0.0015976505819708109,
            -0.0006091368268243968,
            0.001795695978216827,
            -0.004958868492394686,
            0.0049623907543718815,
            0.0008903418201953173,
            -0.00217489548958838
          ],
          [
            0.00847551878541708,
            -0.0001648523611947894,
            0.002932966686785221,
            0.0006530645187012851,
            -0.0008246130892075598,
            -0.0007282581063918769,
            0.001512541901320219,
            -0.0034306992311030626,
            -0.005560395773500204,
            -0.002387417247518897,
            0.008307571522891521,
            -0.007642548996955156,
            0.0006122832419350743,
            -0.001048416132107377,
            -0.0025702565908432007,
            0.0018511833623051643
          ],
          [
            -0.006420688703656197,
            -0.000798865919932723,
            0.0013331740628927946,
            -0.0002703694044612348,
            0.0008911624900065362,
            -0.001152355340309441,
            -0.0015894824173301458,
            0.0021143401972949505,
            0.003980622626841068,
            0.00156646897085011,
            -0.008518550544977188,
            0.008052226155996323,
            0.0019456431036815047,
            -0.000111095403553918,
            0.0017306494992226362,
            -0.0027481107972562313
          ],
          [
            -0.002955954521894455,
            0.0003111407859250903,
            -0.00362386810593307,
            -0.0009229763527400792,
            0.0003498869191389531,
            0.0035495134070515633,
            0.00224103475920856,
            0.0015996922738850117,
            0.0007026934181340039,
            -0.0006178465555422008,
            -0.002408173866569996,
            0.0018971426179632545,
            -0.0016454420983791351,
            0.0009535844437777996,
            0.0003691646852530539,
            0.0002024387795245275
          ],
          [
            0.009485999122262001,
            -0.001451850519515574,
            -0.0034059258177876472,
            -0.0008766921819187701,
            -0.0009440533467568457,
            0.0018418441759422421,
            0.0013028812827542424,
            -0.003070819890126586,
            -0.005464421585202217,
            -0.001253369147889316,
            0.008543350733816624,
            -0.009604955092072487,
            0.0009371527121402323,
            -0.002105679363012314,
            0.0003390774945728481,
            0.005718531087040901
          ],
          [
            -0.0016351299127563834,
            0.0022065320517867804,
            -0.003750086762011051,
            0.001412855926901102,
            0.00025991207803599536,
            0.0009058121358975768,
            3.380405905772932e-05,
            0.0017544174334034324,
            0.0014644551556557417,
            -0.0005984781309962273,
            0.0026901308447122574,
            -0.001659258152358234,
            -0.004869704134762287,
            0.0016857169102877378,
            -0.00045466632582247257,
            0.0005593609530478716
          ],
          [
            0.0015751185128465295,
            0.0021362241823226213,
            0.007855294272303581,
            -0.0016077166656032205,
            0.003744256915524602,
            -0.0005108903278596699,
            -0.00038259627763181925,
            -0.004680896643549204,
            -0.0011463259579613805,
            0.0012848880141973495,
            0.0002744160301517695,
            2.1952881070319563e-05,
            0.0009233658201992512,
            0.00012884863826911896,
            -0.0057573625817894936,
            -0.0038629877381026745
          ],
          [
            0.0012477705022320151,
            -0.00540576409548521,
            -0.005921600852161646,
            0.00020915230561513454,
            -0.002145742066204548,
            0.0017673065885901451,
            0.0016297335969284177,
            0.0027251786086708307,
            -0.0013771585654467344,
            -0.0024271970614790916,
            -0.0025853475090116262,
            0.0012196277966722846,
            0.004074953030794859,
            -0.0023362208157777786,
            0.004656130913645029,
            0.004658160265535116
          ],
          [
            0.005171698052436113,
            -0.0021568515803664923,
            -0.0004770310188177973,
            -0.003104791510850191,
            0.002738997805863619,
            0.002391863614320755,
            -0.000325677014188841,
            -0.003731174860149622,
            -0.003053011605516076,
            0.0011335780145600438,
            0.002299909247085452,
            -0.004639306105673313,
            0.0023491978645324707,
            -0.0012620518682524562,
            0.0008922120905481279,
            0.0017696559661999345
          ],
          [
            -0.005606068763881922,
            0.0026256826240569353,
            0.0021032753866165876,
            0.0015751604223623872,
            -0.0007438407628796995,
            -0.0023523326963186264,
            -0.0015218149637803435,
            0.0013822242617607117,
            0.0030540002044290304,
            0.0018122144974768162,
            -0.00293314503505826,
            0.0027739517390727997,
            -0.002265719696879387,
            0.0024803034029901028,
            0.0007103481912054121,
            -0.003078998764976859
          ]
        ],
        "v_proj.weight": [
          [
            -0.007344822399318218,
            0.0212089866399765,
            0.005605003796517849,
            0.009844386018812656,
            -4.021946369903162e-05,
            0.015049374662339687,
            -0.005606701131910086,
            0.0015711996238678694,
            -0.010592085309326649,
            0.0047426423989236355,
            0.014604090712964535,
            -0.016340650618076324,
            0.00031643197871744633,
            -0.03178102523088455,
            0.0003154871519654989,
            -0.0017253828700631857
          ],
          [
            0.005275269504636526,
            -0.015844004228711128,
            -0.00821505207568407,
            -0.004317368380725384,
            0.0018054922111332417,
            -0.01413961686193943,
            0.004280073568224907,
            -0.0014585484750568867,
            0.011412682943046093,
            -0.005797958932816982,
            -0.006874495185911655,
            0.013362121768295765,
            -0.005567873362451792,
            0.027770286425948143,
            -0.003523594932630658,
            0.002014630241319537
          ],
          [
            0.002738264622166753,
            0.006662415806204081,
            0.004143403843045235,
            0.0014759763143956661,
            -0.0020880522206425667,
            0.007277338299900293,
            -0.0006668684654869139,
            -0.000677349918987602,
            -0.009941164404153824,
            -0.013568038120865822,
            0.011840124614536762,
            -0.015392066910862923,
            0.008795583620667458,
            -0.008935769088566303,
            0.01307568047195673,
            -0.0048319194465875626
          ],
          [
            0.004692782182246447,
            -0.012593290768563747,
            -0.008717156015336514,
            -0.009377656504511833,
            -0.0005436799838207662,
            -0.010049402713775635,
            0.005222073290497065,
            -0.006310566328465939,
            0.019548725336790085,
            0.007964189164340496,
            -0.004030121024698019,
            0.01503775641322136,
            -0.0038329907692968845,
            0.010280369780957699,
            -0.009502864442765713,
            0.0022600218653678894
          ],
          [
            0.0030020829290151596,
            0.009103923104703426,
            -0.000925419619306922,
            -0.002981810364872217,
            -0.003081447444856167,
            0.005610930733382702,
            0.0031720753759145737,
            -0.005516532342880964,
            0.0022090061102062464,
            -0.002898077480494976,
            0.017535267397761345,
            -0.011328316293656826,
            0.003454818157479167,
            -0.016621064394712448,
            0.0034153617452830076,
            -0.004282460082322359
          ],
          [
            0.002899617189541459,
            0.003637771587818861,
            -0.008965306915342808,
            0.0031290582846850157,
            0.009933199733495712,
            -0.010933374054729939,
            -0.005271443165838718,
            -0.005782475229352713,
            0.015414562076330185,
            -0.007423872593790293,
            0.013273106887936592,
            0.006824082229286432,
            -0.012915140949189663,
            0.009077152237296104,
            -0.009184611029922962,
            -0.003555311355739832
          ],
          [
            0.01589038036763668,
            -0.03153304383158684,
            -0.0015461368020623922,
            -0.020665982738137245,
            0.001965584233403206,
            -0.004984423518180847,
            0.004992502275854349,
            0.00395595608279109,
            -0.013468814082443714,
            -0.030199334025382996,
            -0.026137877255678177,
            0.012771698646247387,
            0.005449866876006126,
            0.06677064299583435,
            0.020167872309684753,
            -0.003019870724529028
          ],
          [
            0.005863595753908157,
            -0.008538592606782913,
            -0.01574326492846012,
            -0.003722035326063633,
            0.00636540399864316,
            -0.013929476961493492,
            0.004625212401151657,
            -0.006477790884673595,
            0.016559405252337456,
            -0.024842558428645134,
            -0.0016635595820844173,
            0.009776073507964611,
            0.0008975616074167192,
            0.02711702138185501,
            0.006112279836088419,
            -0.002250600140541792
          ],
          [
            0.00810008030384779,
            -0.02383333444595337,
            0.008449162356555462,
            -0.012203358113765717,
            -0.0032236913684755564,
            -0.002375344978645444,
            0.0036664227955043316,
            0.0033853536006063223,
            -0.005655237473547459,
            0.012768146581947803,
            -0.012909803539514542,
            0.008799656294286251,
            -0.0032344108913093805,
            0.02319992706179619,
            -0.0058339363895356655,
            0.0010150735033676028
          ],
          [
            0.0033881624694913626,
            -0.013522643595933914,
            0.014212498441338539,
            -0.0003403043083380908,
            -0.0022024642676115036,
            -0.012114330194890499,
            -0.004827682860195637,
            0.0035859073977917433,
            0.003400802845135331,
            0.018770648166537285,
            -0.0007658860413357615,
            0.010570483282208443,
            -0.012369506992399693,
            0.009083366952836514,
            -0.018758848309516907,
            0.001990935765206814
          ],
          [
            0.0021893444936722517,
            -0.004831787198781967,
            -0.0037552430294454098,
            0.007127293385565281,
            0.006865748669952154,
            -0.019070737063884735,
            -0.0068731061182916164,
            -0.003908477257937193,
            0.02102036401629448,
            0.013682698830962181,
            0.008840645663440228,
            0.014316372573375702,
            -0.01921710930764675,
            0.00457769026979804,
            -0.024768924340605736,
            0.003929623868316412
          ],
          [
            0.009857188910245895,
            -0.01536212395876646,
            -0.004242828115820885,
            -0.00576976640149951,
            0.007933394983410835,
            -0.011896325275301933,
            -0.00032732883119024336,
            0.0008335954044014215,
            0.0028601461090147495,
            -0.035235099494457245,
            -0.002056265017017722,
            0.00850576814264059,
            -0.00018607103265821934,
            0.04274667054414749,
            0.011361483484506607,
            -0.008756292052567005
          ],
          [
            -0.000766378769185394,
            -0.008443587459623814,
            0.0027714038733392954,
            -0.0060071321204304695,
            -0.009637326933443546,
            0.007659551687538624,
            0.008929411880671978,
            0.0033604982309043407,
            -0.009966190904378891,
            0.009925629943609238,
            -0.015376430004835129,
            -0.0026074154302477837,
            0.011056119576096535,
            -0.002526006195694208,
            0.006890354212373495,
            0.004618587903678417
          ],
          [
            0.007599846459925175,
            -0.015062537044286728,
            0.012086314149200916,
            -0.013076520524919033,
            -0.007306552026420832,
            0.017172710970044136,
            0.0041242800652980804,
            0.00719284126535058,
            -0.029122842475771904,
            -0.001087831798940897,
            -0.011917529627680779,
            -0.009395011700689793,
            0.010055131278932095,
            0.01487451046705246,
            0.015691537410020828,
            -0.0017981776036322117
          ],
          [
            0.0026367201935499907,
            -0.0025650504976511,
            0.00016423915803898126,
            -0.0008158003911375999,
            0.0038732767570763826,
            -0.003949825651943684,
            -0.004018566571176052,
            -0.002327730879187584,
            0.007543994579464197,
            0.006776031572371721,
            0.007210761308670044,
            0.005293351598083973,
            -0.009985526092350483,
            0.0021648379042744637,
            -0.011305426247417927,
            -0.0006295026396401227
          ],
          [
            0.0007828691741451621,
            0.00026983299176208675,
            -0.015770066529512405,
            0.0012073870748281479,
            0.0035186102613806725,
            -0.01005206536501646,
            0.0023756972514092922,
            -0.008640204556286335,
            0.022585054859519005,
            0.005363646429032087,
            0.004633923526853323,
            0.008941106498241425,
            -0.00499099213629961,
            -0.0038162015844136477,
            -0.01001793798059225,
            0.003596655558794737
          ]
        ],
        "o_proj.weight": [
          [
            0.0075392029248178005,
            -0.01976032927632332,
            0.004512382205575705,
            -0.004460455849766731,
            0.004449522588402033,
            1.9886316295014694e-05,
            0.006941948551684618,
            0.013761600479483604,
            0.018096737563610077,
            -0.013023175299167633,
            -0.007262727711349726,
            -0.0060852328315377235,
            0.004212185740470886,
            -0.016976552084088326,
            -0.013859085738658905,
            0.0017531330231577158
          ],
          [
            -0.0034861122258007526,
            -0.008068818598985672,
            0.01230105571448803,
            0.005279785953462124,
            0.0013314983807504177,
            0.01145982090383768,
            0.016025979071855545,
            -0.014652195386588573,
            -0.008402852341532707,
            0.002470052568241954,
            0.005794722121208906,
            0.009925632737576962,
            -0.0023305045906454325,
            0.01438629999756813,
            0.01112386304885149,
            -0.003478660713881254
          ],
          [
            -0.0011141218710690737,
            0.0029044891707599163,
            0.0030039066914469004,
            -0.0009136403677985072,
            0.00523557560518384,
            -0.0012166466331109405,
            0.002607413101941347,
            0.00859986525028944,
            0.006790194194763899,
            -0.008569834753870964,
            -0.005735915619879961,
            -0.010221018455922604,
            0.0010206480510532856,
            -0.010552960447967052,
            0.0030303681269288063,
            0.003011387772858143
          ],
          [
            0.0029698063153773546,
            -0.036393385380506516,
            0.020989198237657547,
            0.00436011515557766,
            0.0025586930569261312,
            0.0038660732097923756,
            0.015717756003141403,
            -0.0026380871422588825,
            0.013605376705527306,
            -0.006582178641110659,
            -0.011533312499523163,
            0.00824405625462532,
            0.005245235748589039,
            0.0022994237951934338,
            -0.010154048912227154,
            -0.010143947787582874
          ],
          [
            0.011514363810420036,
            -0.01704230159521103,
            0.004040844272822142,
            -0.0011186660267412663,
            0.0005308270337991416,
            -0.004744833800941706,
            0.001326411496847868,
            0.020658567547798157,
            0.024923177435994148,
            -0.012575528584420681,
            -0.01978195831179619,
            -0.004395523574203253,
            0.009030141867697239,
            -0.02262251265347004,
            -0.020800067111849785,
            -0.0025329263880848885
          ],
          [
            -0.0001715565740596503,
            0.0018009003251791,
            0.007310553919523954,
            -0.007596423849463463,
            -0.0005678462330251932,
            -0.00745552871376276,
            -0.012042347341775894,
            0.00024021216086111963,
            -0.0009789785835891962,
            -0.0037177216727286577,
            0.003806409891694784,
            0.006259383633732796,
            0.0006111301481723785,
            -7.87849712651223e-05,
            0.003960099071264267,
            0.004339883569628
          ],
          [
            -0.007045004516839981,
            0.020337946712970734,
            -0.006111416034400463,
            0.003459159517660737,
            -0.0021384507417678833,
            0.010780613869428635,
            -0.0034719929099082947,
            -0.023278767243027687,
            -0.026069026440382004,
            0.013000410050153732,
            0.01854112558066845,
            -0.0006485744961537421,
            -0.005190016236156225,
            0.02776775322854519,
            0.02537740021944046,
            0.00026264978805556893
          ],
          [
            -0.011548048816621304,
            0.01029209978878498,
            -0.00875198096036911,
            0.005522445309907198,
            -0.00891599990427494,
            -0.0048375301994383335,
            0.0008376766927540302,
            -0.01850930228829384,
            -0.02190149389207363,
            0.023781675845384598,
            0.001298929681070149,
            -0.004731363616883755,
            -0.0028659654781222343,
            0.033939752727746964,
            0.011949102394282818,
            1.9771110601141118e-05
          ],
          [
            0.0034857250284403563,
            -0.043852247297763824,
            0.02146364003419876,
            0.004143741447478533,
            -0.007967169396579266,
            -0.026926806196570396,
            0.017502887174487114,
            0.00508223008364439,
            0.01386816892772913,
            0.010308763943612576,
            -0.02544902078807354,
            0.023227395489811897,
            0.002654864452779293,
            0.0032671422231942415,
            -0.03556280955672264,
            -0.006228760350495577
          ],
          [
            0.009680402465164661,
            0.01435010600835085,
            -0.02056530863046646,
            0.0010224442230537534,
            -0.007152222562581301,
            -0.0012086573988199234,
            -0.012897457927465439,
            0.02399403043091297,
            0.028452036902308464,
            -0.014503717422485352,
            -0.024573946371674538,
            -0.03588041290640831,
            0.01459802407771349,
            -0.023343104869127274,
            -0.006493930704891682,
            0.0009197125909850001
          ],
          [
            0.0002981804427690804,
            0.010232344269752502,
            -0.0043769958429038525,
            -0.006388066802173853,
            0.009446624666452408,
            0.009086796082556248,
            -0.006617617793381214,
            0.009006714448332787,
            0.003788804402574897,
            -0.011771544814109802,
            0.006547203753143549,
            -0.010035713203251362,
            -0.0016448217211291194,
            -0.018179191276431084,
            0.010557329282164574,
            0.006986706517636776
          ],
          [
            0.0012218602932989597,
            -0.03215346857905388,
            0.014983097091317177,
            0.0006761985714547336,
            -0.0012446875916793942,
            0.009200022555887699,
            0.003461838234215975,
            -0.015501909889280796,
            0.0011644329642876983,
            0.0010650212643668056,
            -0.010388522408902645,
            0.02669726312160492,
            0.00209201592952013,
            0.01559247076511383,
            -0.0002965104940813035,
            -0.008055181242525578
          ],
          [
            0.00034184710239060223,
            0.005180483218282461,
            -0.010201134718954563,
            -0.002983096055686474,
            0.0046193464659154415,
            0.030600013211369514,
            -0.0019333598902449012,
            -0.01063071470707655,
            -0.0047474512830376625,
            -0.008584791794419289,
            0.0019457218004390597,
            -0.014888618141412735,
            0.0025335829704999924,
            0.009009486064314842,
            0.023882703855633736,
            0.0009002704755403101
          ],
          [
            -0.01063095685094595,
            0.02925429306924343,
            -0.006181755103170872,
            0.007706719450652599,
            -0.006519578862935305,
            -0.007793262600898743,
            0.003378243651241064,
            -0.019212057814002037,
            -0.03160211816430092,
            0.021319184452295303,
            0.027044059708714485,
            0.00426568603143096,
            -0.011610510759055614,
            0.02517952397465706,
            0.016220124438405037,
            -0.0034041544422507286
          ],
          [
            -0.007134648971259594,
            0.02191568911075592,
            -0.010719007812440395,
            0.004173628054559231,
            -0.00998260173946619,
            0.0008103484869934618,
            0.007808972615748644,
            -0.023887578397989273,
            -0.03376731276512146,
            0.02276170626282692,
            0.024236304685473442,
            -0.00143531640060246,
            -0.007458346895873547,
            0.03824765235185623,
            0.01923219859600067,
            -0.0016534337773919106
          ],
          [
            -0.0007860125624574721,
            0.018077215179800987,
            -0.004129548091441393,
            -0.0022520325146615505,
            0.0037303436547517776,
            0.013139626011252403,
            -0.006817375775426626,
            -0.0038014575839042664,
            -0.008793889544904232,
            -0.003454843768849969,
            0.01215535681694746,
            -0.022008225321769714,
            0.0031217518262565136,
            0.007126769050955772,
            0.014749531634151936,
            0.001822078600525856
          ]
        ],
        "norm1.weight": [
          0.006387128960341215,
          -0.0030411884654313326,
          -0.012971989810466766,
          0.013472483493387699,
          0.000714917725417763,
          -0.003406532807275653,
          0.0007005529478192329,
          -0.0029199253767728806,
          -0.014648250304162502,
          0.0020132199861109257,
          -0.0013264258159324527,
          0.01264469139277935,
          -0.004995145369321108,
          0.013854156248271465,
          -0.007734698709100485,
          0.0019013164564967155
        ],
        "norm1.bias": [
          0.02055254951119423,
          0.012757742777466774,
          0.017257463186979294,
          -0.014131803996860981,
          0.003227795474231243,
          0.005982321687042713,
          -0.006468906998634338,
          -0.0114365853369236,
          -0.016749057918787003,
          -0.020599178969860077,
          0.010790074244141579,
          0.006980530917644501,
          0.023078348487615585,
          0.013412555679678917,
          -0.012997588142752647,
          -0.005737013649195433
        ],
        "fc1.weight": [
          [
            -0.009123565629124641,
            0.010735802352428436,
            0.025077437981963158,
            2.0529263565549627e-05,
            -0.01049306895583868,
            -0.013657786883413792,
            -0.0003440371947363019,
            0.019824020564556122,
            -0.010610762983560562,
            0.0028856289573013783,
            -0.020864345133304596,
            0.00805600080639124,
            0.017785701900720596,
            -0.006923330016434193,
            0.0018561406759545207,
            -0.01424095593392849
          ],
          [
            0.008176305331289768,
            -0.022550813853740692,
            -0.017071180045604706,
            0.009291386231780052,
            0.024941327050328255,
            -0.012076386250555515,
            -0.01268115732818842,
            -0.009508089162409306,
            0.013374080881476402,
            -0.018076853826642036,
            -0.0028429972007870674,
            0.01286744512617588,
            0.006650716532021761,
            0.017368366941809654,
            0.002368577988818288,
            -0.0001845740043791011
          ],
          [
            -0.01012452319264412,
            0.015158397145569324,
            0.00958598405122757,
            0.01112772710621357,
            -0.006703855004161596,
            -0.02824111096560955,
            0.0051454175263643265,
            -0.005870832595974207,
            0.020049868151545525,
            -0.004995765630155802,
            0.0010208056773990393,
            0.023861324414610863,
            -0.005493098869919777,
            -0.0018678958294913173,
            -0.021039558574557304,
            -0.0016182239633053541
          ],
          [
            0.004602968227118254,
            0.007100860122591257,
            0.0023914033081382513,
            -0.0035496128257364035,
            0.01334826834499836,
            -0.007043352350592613,
            -0.0035473431926220655,
            -0.014335623942315578,
            0.007710641250014305,
            -0.0021307498682290316,
            0.015800757333636284,
            0.004109349101781845,
            -0.009214035235345364,
            0.003643247066065669,
            -0.01317997183650732,
            -0.0056009553372859955
          ],
          [
            0.00995597429573536,
            0.005832627881318331,
            0.027847029268741608,
            -0.004520762246102095,
            -0.008311581797897816,
            0.021368879824876785,
            -0.004797109868377447,
            -0.007515131030231714,
            -0.011467911303043365,
            0.013065679930150509,
            0.0188775435090065,
            -0.013123431243002415,
            0.010437182150781155,
            -0.031813882291316986,
            -0.01099061407148838,
            -0.014803213067352772
          ],
          [
            -0.020105978474020958,
            -0.009445568546652794,
            -0.013611188158392906,
            0.008686953224241734,
            0.019238688051700592,
            0.002318171551451087,
            -0.002061626873910427,
            0.0001229327463079244,
            0.03161491081118584,
            -0.010774164460599422,
            0.009553886950016022,
            0.03766880929470062,
            -0.02877700701355934,
            0.004892153199762106,
            -0.028685973957180977,
            -0.000614423246588558
          ],
          [
            -0.004386137705296278,
            -0.02402399480342865,
            0.0026897608768194914,
            0.010442518629133701,
            0.006472039967775345,
            -0.022053051739931107,
            -0.00785733014345169,
            0.0004065767861902714,
            0.016923263669013977,
            -0.008550199680030346,
            -0.0030841275583952665,
            0.02096044085919857,
            -0.0036098335403949022,
            0.020588429644703865,
            0.0019865247886627913,
            -0.006878999061882496
          ],
          [
            -0.02341536432504654,
            -0.04381540045142174,
            -0.024704230949282646,
            0.012381189502775669,
            0.011379996314644814,
            -0.0311836339533329,
            0.008417160250246525,
            0.009909143671393394,
            0.04913070425391197,
            -0.036540936678647995,
            -0.011664753779768944,
            0.07968484610319138,
            -0.024427007883787155,
            0.047833386808633804,
            -0.02206207439303398,
            -0.0009187276591546834
          ],
          [
            -0.015540657564997673,
            -0.0018977229483425617,
            0.019594654440879822,
            0.006730142515152693,
            -0.02494141086935997,
            -0.03280922397971153,
            0.006846099626272917,
            0.029976071789860725,
            -0.001882997341454029,
            -0.01061098463833332,
            -0.01630779169499874,
            0.013646452687680721,
            0.003512643976137042,
            0.021529365330934525,
            0.012863488867878914,
            -0.010734288021922112
          ],
          [
            0.017481571063399315,
            -0.0002445996506139636,
            -0.015139167197048664,
            -0.01682942546904087,
            0.0033498250413686037,
            0.02342907525599003,
            -0.00038431622670032084,
            -0.0030622927006334066,
            -0.01228332705795765,
            0.0016663090791553259,
            0.005614673253148794,
            -0.015071729198098183,
            0.011098179966211319,
            -0.011700830422341824,
            0.010855549946427345,
            0.0012336315121501684
          ],
          [
            0.02008618414402008,
            0.018091175705194473,
            0.01355920359492302,
            0.005267282482236624,
            0.009738982655107975,
            -0.022495809942483902,
            -0.0020001509692519903,
            -0.024508386850357056,
            -0.006278864108026028,
            -0.0016461960040032864,
            0.006991128902882338,
            -0.003811387810856104,
            0.0010190664324909449,
            0.0039321077056229115,
            -0.015469790436327457,
            -0.0023429652210325003
          ],
          [
            0.0021235556341707706,
            -0.01639440841972828,
            -0.0022377027198672295,
            0.00884681474417448,
            0.0010321121662855148,
            -0.03637528046965599,
            -0.005442561581730843,
            0.012637367472052574,
            0.006163416430354118,
            -0.009773840196430683,
            -0.012450836598873138,
            0.013766520656645298,
            0.008579556830227375,
            0.016717461869120598,
            0.01404794305562973,
            -0.0012236544862389565
          ],
          [
            -0.03327566757798195,
            -0.01482455711811781,
            0.012819024734199047,
            0.011820768937468529,
            0.023884333670139313,
            0.0070189181715250015,
            -0.006127301603555679,
            0.009690029546618462,
            0.01147031132131815,
            -0.017046311870217323,
            -0.016714060679078102,
            0.02584708295762539,
            -0.00946408323943615,
            0.027013951912522316,
            -0.006100963801145554,
            -0.026017507538199425
          ],
          [
            0.00986479688435793,
            -0.005640009883791208,
            -0.015845173969864845,
            -0.00186423328705132,
            0.013720748946070671,
            0.01109137199819088,
            -0.00809005368500948,
            -0.012360235676169395,
            0.009286612272262573,
            0.001340774237178266,
            0.004410674329847097,
            0.005097300745546818,
            0.002337814075872302,
            -0.015592103824019432,
            -0.006048882380127907,
            0.008290857076644897
          ],
          [
            -0.021117988973855972,
            -0.011091558262705803,
            -0.018272433429956436,
            0.027177127078175545,
            0.004327936097979546,
            -0.055701300501823425,
            -0.0005267486558295786,
            0.01986568234860897,
            0.02826623059809208,
            -0.037863317877054214,
            -0.006908982992172241,
            0.028417283669114113,
            -0.019844962283968925,
            0.05913928523659706,
            0.013099508360028267,
            -0.008974675089120865
          ],
          [
            -0.011299488134682178,
            0.006624544970691204,
            0.005265630781650543,
            0.0019982000812888145,
            -0.006763453129678965,
            -0.009669525548815727,
            0.012715725228190422,
            0.0019372912356629968,
            0.004357769154012203,
            -0.017400585114955902,
            -0.0013724776217713952,
            0.008159973658621311,
            -0.012152564711868763,
            0.02971401996910572,
            -0.004560673609375954,
            -0.007547452114522457
          ],
          [
            0.032956451177597046,
            -0.016278449445962906,
            0.003595378715544939,
            -0.007193184923380613,
            0.0020888596773147583,
            0.0005851192399859428,
            -0.007967290468513966,
            -0.015391516499221325,
            -0.013772675767540932,
            0.001080268295481801,
            0.017803866416215897,
            -0.014585260301828384,
            0.015840720385313034,
            -0.011273905634880066,
            0.00661942595615983,
            0.006014224607497454
          ],
          [
            0.001076237647794187,
            0.004358095116913319,
            -0.007135307881981134,
            0.0010961070656776428,
            0.0061963689513504505,
            -0.031257301568984985,
            -0.006229768507182598,
            0.010737670585513115,
            0.012292695231735706,
            -0.01948176883161068,
            -0.0007371225510723889,
            0.0162431038916111,
            -0.005506893154233694,
            0.015543067827820778,
            0.004684802144765854,
            -0.001811460591852665
          ],
          [
            -0.02538362517952919,
            -0.003056100569665432,
            -0.0392068549990654,
            0.013220167718827724,
            0.01020832359790802,
            -0.000723468023352325,
            -0.009082537144422531,
            0.007171922363340855,
            0.037593673914670944,
            -0.02074555866420269,
            0.004465807694941759,
            0.026234887540340424,
            -0.024415913969278336,
            0.011773811653256416,
            0.003500266931951046,
            0.00835957657545805
          ],
          [
            -0.008155539631843567,
            0.006605484522879124,
            0.0016199130332097411,
            -0.003991956356912851,
            0.012646770104765892,
            0.012219839729368687,
            0.00322524132207036,
            -0.009959518909454346,
            0.003918481525033712,
            0.0021052968222647905,
            -0.003957205917686224,
            0.010461998172104359,
            -0.0088333236053586,
            0.0018525298219174147,
            -0.017934106290340424,
            -0.0018087998032569885
          ],
          [
            0.015691140666604042,
            -0.00765839871019125,
            0.0038088103756308556,
            -0.02032593823969364,
            -0.0070421709679067135,
            0.01499621756374836,
            0.008516552858054638,
            0.0038636194076389074,
            -0.023112023249268532,
            -0.0028194424230605364,
            -0.000202102935872972,
            -0.01430902536958456,
            0.012990519404411316,
            0.005244361702352762,
            0.012829400599002838,
            -0.002420846140012145
          ],
          [
            -0.0008124992600642145,
            0.02427959255874157,
            0.006769698578864336,
            0.003966653253883123,
            -0.0004840535984840244,
            0.01030033826828003,
            0.006768880877643824,
            -0.022379310801625252,
            0.0014762424398213625,
            -0.013570821844041348,
            0.013983897864818573,
            -0.0070273843593895435,
            0.0007192851626314223,
            -0.0022531992290169,
            -0.017250267788767815,
            -0.0044753896072506905
          ],
          [
            -0.0008305166265927255,
            -0.004192400723695755,
            0.0006292326143011451,
            0.0027256719768047333,
            -0.008456114679574966,
            -0.0046033794060349464,
            0.007041855249553919,
            0.0026301254983991385,
            -0.0022278903052210808,
            -0.004150765016674995,
            0.009436485357582569,
            -0.0019056033343076706,
            -0.012038752436637878,
            0.006854963023215532,
            0.0012035078834742308,
            0.007900286465883255
          ],
          [
            -0.009135703556239605,
            -0.00420505041256547,
            6.037798084435053e-05,
            0.003971526864916086,
            0.0028392497915774584,
            0.005156830418854952,
            -0.005038273986428976,
            0.006754099391400814,
            0.0037488462403416634,
            0.005403792019933462,
            0.0040460070595145226,
            0.002216549590229988,
            -0.014022101648151875,
            -0.0007330143125727773,
            0.00048721328494139016,
            -0.00155222590547055
          ],
          [
            -0.004660193808376789,
            -0.007067420519888401,
            -0.005666483659297228,
            0.003374941647052765,
            0.00025041663320735097,
            -0.0006574441213160753,
            -0.0017961451085284352,
            0.00686840433627367,
            0.003610459389165044,
            -0.005318818613886833,
            -0.0025877251755446196,
            0.0023230984807014465,
            0.0025024155620485544,
            0.003768253605812788,
            0.0056444876827299595,
            -0.0006168727995827794
          ],
          [
            0.02373197115957737,
            0.01878414861857891,
            -0.0059738787822425365,
            -0.025276178494095802,
            -0.025917846709489822,
            0.030703267082571983,
            0.011916465125977993,
            -0.005197697784751654,
            -0.027465982362627983,
            0.0240264181047678,
            0.0038712818641215563,
            -0.03368110954761505,
            0.018174365162849426,
            -0.03588521480560303,
            0.006428022403270006,
            0.02171776443719864
          ],
          [
            -0.001359865884296596,
            -0.00789903849363327,
            0.0007928984705358744,
            0.0012591930571943521,
            -0.004377728793770075,
            0.0032839137129485607,
            -0.0008786889375187457,
            0.006637135986238718,
            -0.003546677762642503,
            -0.005105164367705584,
            -0.008566894568502903,
            0.00285253650508821,
            0.008971519768238068,
            0.0009210316929966211,
            0.01204838976264,
            -0.0050708940252661705
          ],
          [
            0.029412448406219482,
            0.010029063560068607,
            0.003384603885933757,
            -0.017779573798179626,
            -0.010978986509144306,
            -0.009000535123050213,
            0.006331330630928278,
            -0.01775292307138443,
            -0.010655403137207031,
            0.012937994673848152,
            0.022526493296027184,
            -0.019412672147154808,
            -0.0018214965239167213,
            -0.00879115704447031,
            -0.008661642670631409,
            0.020359279587864876
          ],
          [
            -0.006441590841859579,
            -0.011674413457512856,
            3.2226904295384884e-05,
            -0.0021934164687991142,
            0.0034802882000803947,
            0.006122739519923925,
            0.002084044273942709,
            0.0031919560860842466,
            0.004728418309241533,
            0.0013897637836635113,
            -0.002084119711071253,
            0.013110093772411346,
            -0.00705362344160676,
            0.006726195104420185,
            -0.007277145516127348,
            -0.004136804025620222
          ],
          [
            -0.03126668930053711,
            0.0017431549495086074,
            -0.008187225088477135,
            0.021018454805016518,
            0.02552470751106739,
            -0.00140788231510669,
            -7.135787018341944e-05,
            -0.005419405177235603,
            0.023897001519799232,
            -0.0015781515976414084,
            -0.018067622557282448,
            0.02900504693388939,
            -0.02891576662659645,
            0.015937579795718193,
            -0.0271468423306942,
            0.004866588395088911
          ],
          [
            -0.01206385251134634,
            -0.011007905937731266,
            -0.010001005604863167,
            0.003978266846388578,
            -0.00037072456325404346,
            -0.00651661679148674,
            -0.001059375936165452,
            0.01035214401781559,
            0.0172463059425354,
            -0.0035464761313050985,
            0.0008197350543923676,
            0.018624084070324898,
            -0.012589199468493462,
            0.007019511424005032,
            -0.0004141672980040312,
            -0.0005003780825063586
          ],
          [
            -0.003977023996412754,
            0.001310967025347054,
            0.0029908400028944016,
            -0.0024860703852027655,
            -0.006164856255054474,
            0.012198868207633495,
            0.0028027573134750128,
            0.006035794038325548,
            -0.007739117834717035,
            0.005098904948681593,
            -0.006929899100214243,
            -0.002297693630680442,
            0.001512059010565281,
            -0.004855030681937933,
            0.0027128092478960752,
            -0.0002510658814571798
          ]
        ],
        "fc1.bias": [
          0.007087233010679483,
          0.009891020134091377,
          0.003544305916875601,
          0.016820931807160378,
          -0.02768191136419773,
          0.015209438279271126,
          0.01124747283756733,
          0.05051083117723465,
          0.024073246866464615,
          -0.004731109831482172,
          0.015465233474969864,
          0.019753366708755493,
          0.010257711634039879,
          -0.0120042460039258,
          0.0374721884727478,
          0.017619021236896515,
          0.004629404284060001,
          0.034861352294683456,
          0.007058094255626202,
          0.005403407849371433,
          0.013090910390019417,
          -0.013601432554423809,
          0.0075712357647717,
          0.001249244436621666,
          -0.001662002527154982,
          -0.017816707491874695,
          -0.005670459941029549,
          0.01911102421581745,
          0.007314876653254032,
          -0.0022315632086247206,
          0.006763151381164789,
          -0.004811830818653107
        ],
        "fc2.weight": [
          [
            -0.0317850299179554,
            0.016607144847512245,
            -0.0065038674511015415,
            0.00404773373156786,
            -0.0009536524303257465,
            -0.03014768660068512,
            -0.0055946242064237595,
            -0.04440087825059891,
            -0.0256680678576231,
            0.006555312313139439,
            -0.008682661689817905,
            -0.02327200211584568,
            -0.00694119930267334,
            -0.001176611054688692,
            0.015386092476546764,
            0.006678333040326834,
            0.02559671364724636,
            -0.001091823331080377,
            0.0017031683819368482,
            -0.027357421815395355,
            0.010372353717684746,
            -0.027410974726080894,
            -0.001821578131057322,
            0.010879701934754848,
            -0.0025848320219665766,
            0.016380170360207558,
            0.006323111709207296,
            0.029748212546110153,
            -0.006643097847700119,
            0.0043288967572152615,
            0.007325813639909029,
            0.020401624962687492
          ],
          [
            0.007864194922149181,
            -0.01893858052790165,
            0.007661585696041584,
            0.012690231204032898,
            0.019398599863052368,
            -0.007390150800347328,
            -0.027455221861600876,
            -0.0237538143992424,
            0.022497842088341713,
            0.006743497680872679,
            0.020300082862377167,
            0.0038077186327427626,
            0.028984475880861282,
            0.012204406782984734,
            0.008626661263406277,
            0.050974976271390915,
            -0.01663203537464142,
            -0.01563788577914238,
            -0.003993288613855839,
            -0.00017017290520016104,
            -0.005453895777463913,
            0.007125310134142637,
            -0.038064826279878616,
            0.0393817201256752,
            0.004085069987922907,
            0.01468246802687645,
            0.007727993186563253,
            0.018757706508040428,
            -0.014102115295827389,
            0.005321952048689127,
            -0.013051793910562992,
            -0.01021901797503233
          ],
          [
            0.006950141862034798,
            -0.016581427305936813,
            -0.00407470902428031,
            0.009407781064510345,
            -0.0023068145383149385,
            0.0027297234628349543,
            -0.017525125294923782,
            -0.016526684165000916,
            0.0056243157014250755,
            0.008225396275520325,
            0.013901462778449059,
            -0.008102179504930973,
            0.021789265796542168,
            0.006209575105458498,
            -0.008341182954609394,
            0.03682353347539902,
            -0.010093959979712963,
            -0.011826867237687111,
            -0.015115761198103428,
            -0.003517222823575139,
            -0.011058423668146133,
            -0.004726299550384283,
            -0.011650110594928265,
            0.02274036593735218,
            0.001973695820197463,
            0.017938189208507538,
            0.0028623156249523163,
            0.011761452071368694,
            -0.007922089658677578,
            0.013799321837723255,
            -0.01107356883585453,
            -0.007528356276452541
          ],
          [
            -0.013430558145046234,
            -0.008819949813187122,
            -0.009230200201272964,
            0.00895860604941845,
            0.007951924577355385,
            0.004961059894412756,
            0.01032982300966978,
            0.05530034378170967,
            0.018217701464891434,
            0.02420124039053917,
            0.026728685945272446,
            0.007702966220676899,
            0.0020884363912045956,
            -0.0057362644001841545,
            0.0212580393999815,
            0.042701415717601776,
            0.002097976626828313,
            0.023144550621509552,
            0.0023328796960413456,
            0.0011886819265782833,
            -0.04075070470571518,
            0.004008243326097727,
            0.010350718162953854,
            0.007852932438254356,
            -0.0013538190396502614,
            0.021317971870303154,
            -0.007896344177424908,
            -0.012572919949889183,
            -0.0020642743911594152,
            0.03400040790438652,
            -0.008266198448836803,
            -0.01648707129061222
          ],
          [
            -0.02020266465842724,
            -0.004159986507147551,
            0.0033601042814552784,
            0.009052672423422337,
            0.0039195716381073,
            0.013995111919939518,
            0.0025123865343630314,
            0.016476033255457878,
            0.0026568148750811815,
            0.001386374467983842,
            0.006581412628293037,
            0.0029951906763017178,
            0.008006617426872253,
            -0.012662224471569061,
            -0.011049940250813961,
            0.005181621294468641,
            0.0014923756243661046,
            0.009229440242052078,
            -0.011603618040680885,
            0.004445005673915148,
            -0.017258010804653168,
            -0.005799447186291218,
            -0.00470837764441967,
            -0.0030541259329766035,
            0.007791733834892511,
            0.007393502164632082,
            0.0045966655015945435,
            -0.013801459223031998,
            0.009624353609979153,
            -0.012495645321905613,
            -0.017949413508176804,
            -0.0033775754272937775
          ],
          [
            -0.007307177875190973,
            -0.00031833714456297457,
            0.008377421647310257,
            -0.014338677749037743,
            -0.014864107593894005,
            -0.012977158650755882,
            -0.01234927587211132,
            0.034267961978912354,
            -0.029431572183966637,
            -0.011860856786370277,
            -0.004622315987944603,
            -0.03520824387669563,
            0.008351277559995651,
            -0.01337821688503027,
            -0.04177381843328476,
            -0.019128302112221718,
            -0.04717724770307541,
            -0.013961656019091606,
            -0.005290461238473654,
            -0.017109161242842674,
            0.014101793989539146,
            -0.04539128392934799,
            0.03504198417067528,
            0.012394311837852001,
            0.01071796752512455,
            -0.028448984026908875,
            0.003789416514337063,
            0.0064528449438512325,
            0.020200436934828758,
            0.009500585496425629,
            0.01672537624835968,
            0.0032993212807923555
          ],
          [
            -0.005255893338471651,
            0.009153672493994236,
            0.0004435593436937779,
            0.0009861914440989494,
            -0.0013124678516760468,
            -0.010261094197630882,
            -0.00033270168933086097,
            -0.024969810619950294,
            -0.009464696981012821,
            0.0005643645417876542,
            -0.00364408316090703,
            -0.004342132713645697,
            -0.007699057925492525,
            0.004418770782649517,
            0.010804337449371815,
            -0.002031370997428894,
            0.012436477467417717,
            -0.00775121757760644,
            0.000511298596393317,
            -0.00801518652588129,
            0.008993210271000862,
            -0.0036430128384381533,
            -0.013090423308312893,
            -0.0028471092227846384,
            -0.003299390897154808,
            0.0029533521737903357,
            0.0024743436370044947,
            0.009672756306827068,
            -0.00641224579885602,
            0.0001947263372130692,
            0.005082260817289352,
            0.014956570230424404
          ],
          [
            0.0331827774643898,
            -0.0007138955988921225,
            -0.02369297295808792,
            0.001526501844637096,
            0.0007713405648246408,
            0.008577690459787846,
            0.008138422854244709,
            -0.018753571435809135,
            0.005679342895746231,
            0.0038445894606411457,
            -0.010856537148356438,
            0.01440556813031435,
            -0.004956400021910667,
            0.016753679141402245,
            -0.0032187618780881166,
            0.007390264421701431,
            0.01645023003220558,
            0.011016804724931717,
            0.013800295069813728,
            0.022627241909503937,
            0.007645977195352316,
            0.02281268499791622,
            0.017706148326396942,
            -0.009922925382852554,
            -0.013108307495713234,
            -0.010422937572002411,
            -0.005732685327529907,
            0.016275040805339813,
            -0.011336236260831356,
            0.02126334235072136,
            0.014404534362256527,
            -0.007775695063173771
          ],
          [
            0.01788582280278206,
            -0.016982244327664375,
            -0.02044050022959709,
            0.008593961596488953,
            0.013582807034254074,
            0.03371099755167961,
            0.015251432545483112,
            0.04668811708688736,
            0.006507156416773796,
            0.006387658417224884,
            0.01293051429092884,
            0.017171302810311317,
            0.02151697874069214,
            -0.008671384304761887,
            0.005799154285341501,
            0.039696548134088516,
            -0.021362893283367157,
            0.0508643239736557,
            0.02776273712515831,
            0.02483993209898472,
            -0.018995795398950577,
            0.014559280127286911,
            0.0331629142165184,
            0.011465580202639103,
            -0.0018538922304287553,
            -0.007654892280697823,
            -0.008501265197992325,
            -0.01086687482893467,
            0.006763811688870192,
            0.01961645483970642,
            -0.0013834505807608366,
            -0.025208868086338043
          ],
          [
            -0.013665960170328617,
            -0.00018513656686991453,
            -0.004256820771843195,
            0.008432150818407536,
            0.008349682204425335,
            0.004647133406251669,
            -0.0002658188750501722,
            -0.03162280097603798,
            0.00955139473080635,
            -0.0006005609757266939,
            -0.00907861813902855,
            0.015884943306446075,
            0.013907535932958126,
            0.004113685805350542,
            -0.02745760977268219,
            -0.0013530447613447905,
            0.020417897030711174,
            -0.030586568638682365,
            -0.02370748482644558,
            0.008924371562898159,
            -0.0014694711426272988,
            0.0121277691796422,
            -0.02622760459780693,
            0.0001922361843753606,
            0.007552245166152716,
            0.0030650398693978786,
            0.007721094414591789,
            0.003424053778871894,
            -0.0007995270425453782,
            -0.03585539013147354,
            -0.02475544437766075,
            -0.0040608979761600494
          ],
          [
            -0.0061257584020495415,
            0.0018075729021802545,
            0.015725692734122276,
            0.0018558750161901116,
            -0.020949851721525192,
            -0.007324509788304567,
            -0.020897744223475456,
            -0.0487290695309639,
            -0.002699980279430747,
            -0.0015034237876534462,
            0.015011736191809177,
            -0.022532790899276733,
            -0.004689742345362902,
            0.0006648202543146908,
            -0.02886621281504631,
            0.006050902884453535,
            0.008424967527389526,
            -0.03581484407186508,
            -0.033749498426914215,
            -0.014739396050572395,
            0.0024967913050204515,
            -0.007798411883413792,
            -0.022476889193058014,
            -0.01165968831628561,
            0.0005447499570436776,
            0.0109555097296834,
            0.004650217946618795,
            0.010066850110888481,
            -0.00799967534840107,
            0.008158398792147636,
            -0.004371149931102991,
            0.00658738799393177
          ],
          [
            0.032571494579315186,
            -0.02221141941845417,
            -0.015180198475718498,
            0.003314365865662694,
            0.007743370719254017,
            0.02977568283677101,
            0.009821487590670586,
            0.053494397550821304,
            0.024945374578237534,
            0.0014238363364711404,
            0.009091395884752274,
            0.018305478617548943,
            1.8855242160498165e-05,
            0.0013175535714253783,
            0.007148737087845802,
            0.004923828411847353,
            -0.034608855843544006,
            0.03652769327163696,
            0.017843522131443024,
            0.028231266885995865,
            -0.022774789482355118,
            0.0171637162566185,
            0.02466597966849804,
            -0.0068991282023489475,
            -0.0031363724265247583,
            -0.020301632583141327,
            -0.011069457978010178,
            -0.02520127221941948,
            0.003943692427128553,
            0.02235637605190277,
            0.0060123358853161335,
            -0.029559601098299026
          ],
          [
            -0.006571622099727392,
            -0.0075072175823152065,
            -0.020183300599455833,
            0.014369135722517967,
            0.005981873720884323,
            -0.005462594795972109,
            -0.015292291529476643,
            -0.09071476757526398,
            0.0020332203712314367,
            -0.010048975236713886,
            -0.00212329113855958,
            -0.003498681588098407,
            0.0012227753177285194,
            0.01612051948904991,
            -0.004586285911500454,
            0.0039174482226371765,
            0.005070178769528866,
            -0.02428208850324154,
            -0.0067049660719931126,
            -0.006352341268211603,
            -0.0031740053091198206,
            -0.0031542193610221148,
            -0.04539535939693451,
            -0.0029518899973481894,
            0.0028987897094339132,
            -0.003054663073271513,
            0.007558547426015139,
            0.006831632927060127,
            -0.021683592349290848,
            -0.016978206112980843,
            -0.0030494751408696175,
            -0.005392694845795631
          ],
          [
            0.016015149652957916,
            -0.0036734917666763067,
            0.016505781561136246,
            -0.01321206521242857,
            -0.008935683406889439,
            -0.016414087265729904,
            -0.001071615726687014,
            0.05170731991529465,
            0.005780499428510666,
            0.007111310958862305,
            -0.0015714663313701749,
            0.004392610862851143,
            -0.020215366035699844,
            0.007465008180588484,
            0.03797491267323494,
            -0.011768595315515995,
            0.0021666265092790127,
            0.006407686043530703,
            -0.0011504696449264884,
            -0.005899704992771149,
            -0.0063112471252679825,
            -0.0015753722982481122,
            0.00768209807574749,
            0.001020071329548955,
            -0.008281737565994263,
            0.020176762714982033,
            -0.009988171979784966,
            -0.012980020605027676,
            0.004899884108453989,
            0.021219538524746895,
            -0.004311113152652979,
            0.017184393480420113
          ],
          [
            0.012770452536642551,
            0.004165819846093655,
            0.010178977623581886,
            -0.010174411348998547,
            -0.004994729533791542,
            -0.03223779797554016,
            -0.010429619811475277,
            -0.020956475287675858,
            -0.011317008174955845,
            0.004607380833476782,
            -0.0038822116330266,
            -0.0010551664745435119,
            -0.009760595858097076,
            0.018678057938814163,
            0.012374269776046276,
            -0.005669086705893278,
            0.01518198847770691,
            -0.026922494173049927,
            -0.00018083752365782857,
            -0.012925278395414352,
            0.02270585484802723,
            -0.0034028200898319483,
            -0.017585067078471184,
            0.001982951071113348,
            -0.004525601398199797,
            0.003139112377539277,
            -0.0032228948548436165,
            0.010399912483990192,
            -0.00384312029927969,
            0.0052047111093997955,
            0.005503537133336067,
            0.013925082981586456
          ],
          [
            -0.043112292885780334,
            -0.002080753445625305,
            -0.020862450823187828,
            0.0017155897803604603,
            -0.0012929782969877124,
            -0.02874751202762127,
            -0.011766567826271057,
            -0.03479081392288208,
            -0.04242844134569168,
            -0.01790902391076088,
            -0.02195361629128456,
            -0.023906122893095016,
            -0.006086168810725212,
            -0.0031773352529853582,
            -0.028260331600904465,
            -0.028524145483970642,
            -0.01033835206180811,
            -0.01598196290433407,
            -0.005787162575870752,
            -0.02426435612142086,
            -0.0022963585797697306,
            -0.06260645389556885,
            -0.011108326725661755,
            0.0003408902557566762,
            0.01395412441343069,
            -0.016701359301805496,
            0.01259051263332367,
            0.0026319578755646944,
            0.002474691718816757,
            -0.021828390657901764,
            -0.002069318201392889,
            0.011240602470934391
          ]
        ],
        "fc2.bias": [
          -0.017909375950694084,
          -0.008752120658755302,
          -0.011471902951598167,
          0.02331068366765976,
          -0.011012014001607895,
          -0.03549070283770561,
          0.001643453724682331,
          0.04221898317337036,
          0.07130447030067444,
          -0.03953767567873001,
          -0.04837466776371002,
          0.024058924987912178,
          -0.09622696042060852,
          0.05586323142051697,
          0.02237831987440586,
          -0.12720128893852234
        ],
        "norm2.weight": [
          -0.003939472138881683,
          0.02390025183558464,
          0.03105623833835125,
          0.009245037101209164,
          -0.0006632688455283642,
          0.01897532306611538,
          0.0007332217646762729,
          0.0038187780883163214,
          0.028697507455945015,
          0.023865917697548866,
          0.002151512075215578,
          0.03104507178068161,
          0.01203964464366436,
          0.01264032069593668,
          0.017050471156835556,
          -0.0018689179560169578
        ],
        "norm2.bias": [
          -0.009303449653089046,
          0.007038872689008713,
          -0.005620666779577732,
          -0.0037457658909261227,
          -0.004976012744009495,
          -0.01572374254465103,
          -0.003192910924553871,
          -0.013573289848864079,
          0.03948094695806503,
          -0.02113163284957409,
          0.0011883853003382683,
          0.010391110554337502,
          -0.0021736384369432926,
          0.006883727386593819,
          0.006563627161085606,
          0.0030345211271196604
        ]
      },
      "max_param_diff": 0.0010075569152832031,
      "lr": 0.001
    },
    "loss_absolute_diff": 0.0,
    "grad_norm_absolute_diff": 0.0,
    "gradient_elementwise_max_error": 0.0,
    "param_max_diff": 0.0,
    "is_bit_identical": true
  },
  "ablation_counterexamples": {
    "omit_optimizer_state": {
      "step2_loss": 2.1111929416656494,
      "baseline_loss": 2.1111929416656494,
      "param_max_diff": 0.0016683023422956467,
      "divergence_reason": "丢失 AdamW 一阶动量 m 与二阶方差 v，更新步长丧失自适应缩放历史，产生数值突变"
    },
    "omit_data_cursor": {
      "actual_sample_ids": [
        "sample_000",
        "sample_001",
        "sample_002",
        "sample_003"
      ],
      "expected_sample_ids": [
        "sample_004",
        "sample_005",
        "sample_006",
        "sample_007"
      ],
      "step2_loss": 1.7192246913909912,
      "baseline_loss": 2.1111929416656494,
      "divergence_reason": "数据游标未持久化导致恢复后重新读取 Step 1 的样本，产生数据重复消费与分布倾斜"
    },
    "omit_rng_state": {
      "step2_loss": 2.1135268211364746,
      "baseline_loss": 2.1111929416656494,
      "loss_diff": 0.0023338794708251953,
      "divergence_reason": "Dropout 掩码与随机序列分叉，破坏前向输出与梯度确定性"
    }
  },
  "layout_mapping_2_to_4_demo": {
    "source_2_ranks": {
      "rank_0": {
        "global_slice": [
          0,
          4
        ],
        "shape": [
          4,
          16
        ]
      },
      "rank_1": {
        "global_slice": [
          4,
          8
        ],
        "shape": [
          4,
          16
        ]
      }
    },
    "target_4_ranks": {
      "target_rank_0": {
        "global_slice": [
          0,
          2
        ],
        "shape": [
          2,
          16
        ],
        "read_from": "rank_0",
        "local_slice": [
          0,
          2
        ]
      },
      "target_rank_1": {
        "global_slice": [
          2,
          4
        ],
        "shape": [
          2,
          16
        ],
        "read_from": "rank_0",
        "local_slice": [
          2,
          4
        ]
      },
      "target_rank_2": {
        "global_slice": [
          4,
          6
        ],
        "shape": [
          2,
          16
        ],
        "read_from": "rank_1",
        "local_slice": [
          0,
          2
        ]
      },
      "target_rank_3": {
        "global_slice": [
          6,
          8
        ],
        "shape": [
          2,
          16
        ],
        "read_from": "rank_1",
        "local_slice": [
          2,
          4
        ]
      }
    }
  },
  "scope": "in-memory snapshot restore; layout metadata example is not a DCP resharding run"
}
