sg-admin-260624-2348f-default0-0:3309791:3309791 [0] NCCL INFO ENV/Plugin: Could not find: libnccl-env.so
sg-admin-260624-2348f-default0-0:3309791:3309791 [0] NCCL INFO NCCL_SOCKET_IFNAME set by environment to net1
sg-admin-260624-2348f-default0-0:3309791:3309791 [0] NCCL INFO NCCL_SOCKET_IFNAME set to net1
sg-admin-260624-2348f-default0-0:3309791:3309791 [0] NCCL INFO cudaDriverVersion 13000
sg-admin-260624-2348f-default0-0:3309791:3309791 [0] NCCL INFO NCCL version 2.29.7+cuda13.2
sg-admin-260624-2348f-default0-0:3309791:3309791 [0] NCCL INFO NCCL git version stable b81d6a5a3
sg-admin-260624-2348f-default0-0:3309791:3309791 [0] NCCL INFO Comm config Blocking set to 1
sg-admin-260624-2348f-default0-0:3309791:3309791 [0] NCCL INFO NET/Plugin: Could not find: libnccl-net.so
sg-admin-260624-2348f-default0-0:3309791:3309791 [0] NCCL INFO NCCL_IB_DISABLE set by environment to 1.
sg-admin-260624-2348f-default0-0:3309791:3309791 [0] NCCL INFO transport/net_ib/init.cc:396 -> 3
sg-admin-260624-2348f-default0-0:3309791:3309791 [0] NCCL INFO Failed to initialize NET plugin IB
sg-admin-260624-2348f-default0-0:3309791:3309791 [0] NCCL INFO NCCL_SOCKET_IFNAME set by environment to net1
sg-admin-260624-2348f-default0-0:3309791:3309791 [0] NCCL INFO NET/Socket : Using [0]net1:192.168.105.100<0>
sg-admin-260624-2348f-default0-0:3309791:3309791 [0] NCCL INFO Initialized NET plugin Socket
sg-admin-260624-2348f-default0-0:3309791:3309791 [0] NCCL INFO Assigned NET plugin Socket to comm
sg-admin-260624-2348f-default0-0:3309791:3309791 [0] NCCL INFO GIN/Plugin: Could not find: libnccl-gin.so

[2026-09-22 05:56:28] sg-admin-260624-2348f-default0-0:3309791:3309791 [0] misc/ibvwrap.cc:173 NCCL WARN lib wrapper not initialized.
sg-admin-260624-2348f-default0-0:3309791:3309791 [0] NCCL INFO transport/net_ib/gdr.cc:56 -> 3
sg-admin-260624-2348f-default0-0:3309791:3309791 [0] NCCL INFO Unable to use GIN: Peermem is not supported, nor DMA-BUF.
sg-admin-260624-2348f-default0-0:3309791:3309791 [0] NCCL INFO Unable to use GIN: Peermem is not supported, nor DMA-BUF.
sg-admin-260624-2348f-default0-0:3309791:3309791 [0] NCCL INFO Failed to initialize any GIN plugin
sg-admin-260624-2348f-default0-0:3309791:3309791 [0] NCCL INFO Using network Socket
sg-admin-260624-2348f-default0-0:3309791:3309791 [0] NCCL INFO [Rank 0] ncclCommInitRankConfig comm 0x13de7160 rank 0 nranks 2 cudaDev 0 nvmlDev 0 busId 1000 commId 0x64f9a7f4068154c4 - Init START
sg-admin-260624-2348f-default0-0:3309791:3309791 [0] NCCL INFO RAS client listening socket at ::1<28028>
sg-admin-260624-2348f-default0-0:3309791:3309791 [0] NCCL INFO NET/Socket : GPU Direct RDMA Disabled for HCA 0 'net1'
sg-admin-260624-2348f-default0-0:3309791:3309791 [0] NCCL INFO ncclTopoGetCpuAffinity: Affinity for GPU 0 is empty, ignoring. (GPU affinity =  ; CPU affinity = 0-31).
sg-admin-260624-2348f-default0-0:3309791:3309791 [0] NCCL INFO comm 0x13de7160 rank 0 nRanks 2 nNodes 2 localRanks 1 localRank 0 MNNVL 0
sg-admin-260624-2348f-default0-0:3309791:3309791 [0] NCCL INFO Channel 00/02 : 0 1
sg-admin-260624-2348f-default0-0:3309791:3309791 [0] NCCL INFO Channel 01/02 : 0 1
sg-admin-260624-2348f-default0-0:3309791:3309791 [0] NCCL INFO Trees [0] 1/-1/-1->0->-1 [1] -1/-1/-1->0->1
sg-admin-260624-2348f-default0-0:3309791:3309791 [0] NCCL INFO P2P Chunksize set to 131072
sg-admin-260624-2348f-default0-0:3309791:3309791 [0] NCCL INFO PROFILER/Plugin: Could not find: libnccl-profiler.so
sg-admin-260624-2348f-default0-0:3309791:3309791 [0] NCCL INFO Check P2P Type isAllDirectP2p 1 directMode 0 isAllCudaP2p 1
sg-admin-260624-2348f-default0-0:3309791:3309857 [0] NCCL INFO [Proxy Service] Device 0 CPU core 19
sg-admin-260624-2348f-default0-0:3309791:3309858 [0] NCCL INFO [Proxy Service UDS] Device 0 CPU core 15
sg-admin-260624-2348f-default0-0:3309791:3309791 [0] NCCL INFO TUNER/Plugin: Could not find: libnccl-tuner.so
sg-admin-260624-2348f-default0-0:3309791:3309791 [0] NCCL INFO   Algorithm   |                            Tree                  |                            Ring                  |                   CollNetDirect                  |
sg-admin-260624-2348f-default0-0:3309791:3309791 [0] NCCL INFO   Protocol    |             LL |          LL128 |         Simple |             LL |          LL128 |         Simple |             LL |          LL128 |         Simple |
sg-admin-260624-2348f-default0-0:3309791:3309791 [0] NCCL INFO  Max NThreads |            512 |            640 |            512 |            512 |            640 |            256 |              0 |              0 |            640 |
sg-admin-260624-2348f-default0-0:3309791:3309791 [0] NCCL INFO     Broadcast |     0.0/   0.0 |     0.0/   0.0 |     0.0/   0.0 |     9.3/   0.1 |    18.0/   0.0 |    22.4/   0.1 |     0.0/   0.0 |     0.0/   0.0 |     0.0/   0.0 |
sg-admin-260624-2348f-default0-0:3309791:3309791 [0] NCCL INFO        Reduce |     0.0/   0.0 |     0.0/   0.0 |     0.0/   0.0 |     9.3/   0.1 |    18.0/   0.0 |    22.4/   0.1 |     0.0/   0.0 |     0.0/   0.0 |     0.0/   0.0 |
sg-admin-260624-2348f-default0-0:3309791:3309791 [0] NCCL INFO     AllGather |     0.0/   0.0 |     0.0/   0.0 |     0.0/   0.0 |    11.6/   0.1 |    22.5/   0.0 |    22.4/   0.2 |     5.0/   0.0 |     8.5/   0.0 |    14.0/   0.0 |
sg-admin-260624-2348f-default0-0:3309791:3309791 [0] NCCL INFO ReduceScatter |     0.0/   0.0 |     0.0/   0.0 |     0.0/   0.0 |    11.6/   0.1 |    22.5/   0.0 |    22.4/   0.2 |     5.0/   0.0 |     8.5/   0.0 |    14.0/   0.0 |
sg-admin-260624-2348f-default0-0:3309791:3309791 [0] NCCL INFO     AllReduce |    16.8/   0.0 |    31.0/   0.0 |    36.4/   0.1 |    16.6/   0.1 |    31.0/   0.0 |    36.4/   0.1 |     5.0/   0.0 |     8.5/   0.0 |    14.0/   0.0 |
sg-admin-260624-2348f-default0-0:3309791:3309791 [0] NCCL INFO   Algorithm   |                    CollNetChain                  |                            NVLS                  |                        NVLSTree                  |
sg-admin-260624-2348f-default0-0:3309791:3309791 [0] NCCL INFO   Protocol    |             LL |          LL128 |         Simple |             LL |          LL128 |         Simple |             LL |          LL128 |         Simple |
sg-admin-260624-2348f-default0-0:3309791:3309791 [0] NCCL INFO  Max NThreads |              0 |              0 |            640 |              0 |              0 |            640 |              0 |              0 |            640 |
sg-admin-260624-2348f-default0-0:3309791:3309791 [0] NCCL INFO     Broadcast |     0.0/   0.0 |     0.0/   0.0 |     0.0/   0.0 |     0.0/   0.0 |     0.0/   0.0 |     0.0/   0.0 |     0.0/   0.0 |     0.0/   0.0 |     0.0/   0.0 |
sg-admin-260624-2348f-default0-0:3309791:3309791 [0] NCCL INFO        Reduce |     0.0/   0.0 |     0.0/   0.0 |     0.0/   0.0 |     0.0/   0.0 |     0.0/   0.0 |     0.0/   0.0 |     0.0/   0.0 |     0.0/   0.0 |     0.0/   0.0 |
sg-admin-260624-2348f-default0-0:3309791:3309791 [0] NCCL INFO     AllGather |     0.0/   0.0 |     0.0/   0.0 |     0.0/   0.0 |     0.0/   0.0 |     0.0/   0.0 |     0.0/   0.0 |     0.0/   0.0 |     0.0/   0.0 |     0.0/   0.0 |
sg-admin-260624-2348f-default0-0:3309791:3309791 [0] NCCL INFO ReduceScatter |     0.0/   0.0 |     0.0/   0.0 |     0.0/   0.0 |     0.0/   0.0 |     0.0/   0.0 |     0.0/   0.0 |     0.0/   0.0 |     0.0/   0.0 |     0.0/   0.0 |
sg-admin-260624-2348f-default0-0:3309791:3309791 [0] NCCL INFO     AllReduce |     5.0/   0.0 |     8.5/   0.0 |    14.0/   0.0 |     0.0/   0.0 |     0.0/   0.0 |     0.0/   0.0 |     0.0/   0.0 |     0.0/   0.0 |     0.0/   0.0 |
sg-admin-260624-2348f-default0-0:3309791:3309791 [0] NCCL INFO   Algorithm   |                             PAT                  |
sg-admin-260624-2348f-default0-0:3309791:3309791 [0] NCCL INFO   Protocol    |             LL |          LL128 |         Simple |             LL |          LL128 |         Simple |             LL |          LL128 |         Simple |
sg-admin-260624-2348f-default0-0:3309791:3309791 [0] NCCL INFO  Max NThreads |              0 |              0 |              0 |
sg-admin-260624-2348f-default0-0:3309791:3309791 [0] NCCL INFO     Broadcast |     0.0/   0.0 |     0.0/   0.0 |     0.0/   0.0 |
sg-admin-260624-2348f-default0-0:3309791:3309791 [0] NCCL INFO        Reduce |     0.0/   0.0 |     0.0/   0.0 |     0.0/   0.0 |
sg-admin-260624-2348f-default0-0:3309791:3309791 [0] NCCL INFO     AllGather |     0.0/   0.0 |     0.0/   0.0 |    17.6/   0.2 |
sg-admin-260624-2348f-default0-0:3309791:3309791 [0] NCCL INFO ReduceScatter |     0.0/   0.0 |     0.0/   0.0 |    17.6/   0.2 |
sg-admin-260624-2348f-default0-0:3309791:3309791 [0] NCCL INFO     AllReduce |     0.0/   0.0 |     0.0/   0.0 |     0.0/   0.0 |
sg-admin-260624-2348f-default0-0:3309791:3309791 [0] NCCL INFO threadThresholds 8/8/64 | 16/8/64 | 512 | 512
sg-admin-260624-2348f-default0-0:3309791:3309791 [0] NCCL INFO 2 coll channels, 2 collnet channels, 0 nvls channels, 2 p2p channels, 1 p2p channels per peer
sg-admin-260624-2348f-default0-0:3309791:3309791 [0] NCCL INFO Symmetric VA size=32GB
sg-admin-260624-2348f-default0-0:3309791:3309791 [0] NCCL INFO Symmetric memory is not supported. cuMemEnable 1, globalGinSupport 0, globalNicFused 0 cuMemGdrSupport 0
sg-admin-260624-2348f-default0-0:3309791:3309791 [0] NCCL INFO CC Off, workFifoBytes 1048576
sg-admin-260624-2348f-default0-0:3309791:3309791 [0] NCCL INFO ncclCommInitRankConfig comm 0x13de7160 rank 0 nranks 2 cudaDev 0 nvmlDev 0 busId 1000 commId 0x64f9a7f4068154c4 - Init COMPLETE
sg-admin-260624-2348f-default0-0:3309791:3309791 [0] NCCL INFO Init timings - ncclCommInitRankConfig: rank 0 nranks 2 total 0.27 (kernels 0.10, alloc 0.01, bootstrap 0.14, allgathers 0.00, topo 0.01, graphs 0.00, connections 0.01, rest 0.00)
sg-admin-260624-2348f-default0-0:3309791:3309857 [0] NCCL INFO New proxy recv connection 0 from local rank 0, transport 2
sg-admin-260624-2348f-default0-0:3309791:3309859 [0] NCCL INFO [Proxy Progress] Device 0 CPU core 6
sg-admin-260624-2348f-default0-0:3309791:3309791 [0] NCCL INFO Connected to proxy localRank 0 -> connection 0x79a80c004fa0
sg-admin-260624-2348f-default0-0:3309791:3309791 [0] NCCL INFO Channel 00/0 : 1[0] -> 0[0] [receive] via NET/Socket/0
sg-admin-260624-2348f-default0-0:3309791:3309857 [0] NCCL INFO New proxy recv connection 1 from local rank 0, transport 2
sg-admin-260624-2348f-default0-0:3309791:3309791 [0] NCCL INFO Connected to proxy localRank 0 -> connection 0x79a80c005028
sg-admin-260624-2348f-default0-0:3309791:3309791 [0] NCCL INFO Channel 01/0 : 1[0] -> 0[0] [receive] via NET/Socket/0
sg-admin-260624-2348f-default0-0:3309791:3309857 [0] NCCL INFO New proxy send connection 2 from local rank 0, transport 2
sg-admin-260624-2348f-default0-0:3309791:3309791 [0] NCCL INFO Connected to proxy localRank 0 -> connection 0x79a80c0050b0
sg-admin-260624-2348f-default0-0:3309791:3309791 [0] NCCL INFO Channel 00/0 : 0[0] -> 1[0] [send] via NET/Socket/0
sg-admin-260624-2348f-default0-0:3309791:3309857 [0] NCCL INFO New proxy send connection 3 from local rank 0, transport 2
sg-admin-260624-2348f-default0-0:3309791:3309791 [0] NCCL INFO Connected to proxy localRank 0 -> connection 0x79a80c005138
sg-admin-260624-2348f-default0-0:3309791:3309791 [0] NCCL INFO Channel 01/0 : 0[0] -> 1[0] [send] via NET/Socket/0
sg-admin-260624-2348f-default0-0:3309791:3309791 [0] NCCL INFO Connected all rings, use ring PXN 0 GDR 0
sg-admin-260624-2348f-default0-0:3309791:3309791 [0] NCCL INFO AllReduce: 4096 Bytes -> Algo RING proto LL channel{Lo..Hi}={0..0}
sg-admin-260624-2348f-default0-0:3309791:3309791 [0] NCCL INFO AllReduce: 4096 Bytes -> Algo RING proto LL channel{Lo..Hi}={0..0}
sg-admin-260624-2348f-default0-0:3309791:3309791 [0] NCCL INFO AllReduce: 4096 Bytes -> Algo RING proto LL channel{Lo..Hi}={0..0}
sg-admin-260624-2348f-default0-0:3309791:3309791 [0] NCCL INFO AllReduce: 4 Bytes -> Algo RING proto LL channel{Lo..Hi}={0..0}
sg-admin-260624-2348f-default0-0:3309791:3309791 [0] NCCL INFO AllReduce: 4 Bytes -> Algo RING proto LL channel{Lo..Hi}={0..0}
sg-admin-260624-2348f-default0-0:3309791:3309791 [0] NCCL INFO AllReduce: 4096 Bytes -> Algo RING proto LL channel{Lo..Hi}={0..0}
sg-admin-260624-2348f-default0-0:3309791:3309791 [0] NCCL INFO AllReduce: 4 Bytes -> Algo RING proto LL channel{Lo..Hi}={0..0}
sg-admin-260624-2348f-default0-0:3309791:3309791 [0] NCCL INFO AllReduce: 4096 Bytes -> Algo RING proto LL channel{Lo..Hi}={0..0}
sg-admin-260624-2348f-default0-0:3309791:3309791 [0] NCCL INFO AllReduce: 4 Bytes -> Algo RING proto LL channel{Lo..Hi}={0..0}
sg-admin-260624-2348f-default0-0:3309791:3309791 [0] NCCL INFO AllReduce: 4096 Bytes -> Algo RING proto LL channel{Lo..Hi}={0..0}
sg-admin-260624-2348f-default0-0:3309791:3309791 [0] NCCL INFO AllReduce: 4 Bytes -> Algo RING proto LL channel{Lo..Hi}={0..0}
sg-admin-260624-2348f-default0-0:3309791:3309791 [0] NCCL INFO AllReduce: 4096 Bytes -> Algo RING proto LL channel{Lo..Hi}={0..0}
sg-admin-260624-2348f-default0-0:3309791:3309791 [0] NCCL INFO AllReduce: 4 Bytes -> Algo RING proto LL channel{Lo..Hi}={0..0}
sg-admin-260624-2348f-default0-0:3309791:3309791 [0] NCCL INFO AllReduce: 4096 Bytes -> Algo RING proto LL channel{Lo..Hi}={0..0}
sg-admin-260624-2348f-default0-0:3309791:3309791 [0] NCCL INFO AllReduce: 4 Bytes -> Algo RING proto LL channel{Lo..Hi}={0..0}
sg-admin-260624-2348f-default0-0:3309791:3309791 [0] NCCL INFO AllReduce: 4096 Bytes -> Algo RING proto LL channel{Lo..Hi}={0..0}
sg-admin-260624-2348f-default0-0:3309791:3309791 [0] NCCL INFO AllReduce: 4 Bytes -> Algo RING proto LL channel{Lo..Hi}={0..0}
sg-admin-260624-2348f-default0-0:3309791:3309791 [0] NCCL INFO AllReduce: 4096 Bytes -> Algo RING proto LL channel{Lo..Hi}={0..0}
sg-admin-260624-2348f-default0-0:3309791:3309791 [0] NCCL INFO AllReduce: 4 Bytes -> Algo RING proto LL channel{Lo..Hi}={0..0}
sg-admin-260624-2348f-default0-0:3309791:3309791 [0] NCCL INFO AllReduce: 4096 Bytes -> Algo RING proto LL channel{Lo..Hi}={0..0}
sg-admin-260624-2348f-default0-0:3309791:3309791 [0] NCCL INFO AllReduce: 4 Bytes -> Algo RING proto LL channel{Lo..Hi}={0..0}
sg-admin-260624-2348f-default0-0:3309791:3309791 [0] NCCL INFO AllReduce: 4096 Bytes -> Algo RING proto LL channel{Lo..Hi}={0..0}
sg-admin-260624-2348f-default0-0:3309791:3309791 [0] NCCL INFO AllReduce: 4 Bytes -> Algo RING proto LL channel{Lo..Hi}={0..0}
sg-admin-260624-2348f-default0-0:3309791:3309791 [0] NCCL INFO AllReduce: 4096 Bytes -> Algo RING proto LL channel{Lo..Hi}={0..0}
sg-admin-260624-2348f-default0-0:3309791:3309791 [0] NCCL INFO AllReduce: 4 Bytes -> Algo RING proto LL channel{Lo..Hi}={0..0}
sg-admin-260624-2348f-default0-0:3309791:3309791 [0] NCCL INFO AllReduce: 4096 Bytes -> Algo RING proto LL channel{Lo..Hi}={0..0}
sg-admin-260624-2348f-default0-0:3309791:3309791 [0] NCCL INFO AllReduce: 4 Bytes -> Algo RING proto LL channel{Lo..Hi}={0..0}
sg-admin-260624-2348f-default0-0:3309791:3309791 [0] NCCL INFO AllReduce: 4096 Bytes -> Algo RING proto LL channel{Lo..Hi}={0..0}
sg-admin-260624-2348f-default0-0:3309791:3309791 [0] NCCL INFO AllReduce: 4 Bytes -> Algo RING proto LL channel{Lo..Hi}={0..0}
sg-admin-260624-2348f-default0-0:3309791:3309791 [0] NCCL INFO AllReduce: 4096 Bytes -> Algo RING proto LL channel{Lo..Hi}={0..0}
sg-admin-260624-2348f-default0-0:3309791:3309791 [0] NCCL INFO AllReduce: 4 Bytes -> Algo RING proto LL channel{Lo..Hi}={0..0}
sg-admin-260624-2348f-default0-0:3309791:3309791 [0] NCCL INFO AllReduce: 4096 Bytes -> Algo RING proto LL channel{Lo..Hi}={0..0}
sg-admin-260624-2348f-default0-0:3309791:3309791 [0] NCCL INFO AllReduce: 4 Bytes -> Algo RING proto LL channel{Lo..Hi}={0..0}
sg-admin-260624-2348f-default0-0:3309791:3309791 [0] NCCL INFO AllReduce: 4096 Bytes -> Algo RING proto LL channel{Lo..Hi}={0..0}
sg-admin-260624-2348f-default0-0:3309791:3309791 [0] NCCL INFO AllReduce: 4 Bytes -> Algo RING proto LL channel{Lo..Hi}={0..0}
sg-admin-260624-2348f-default0-0:3309791:3309791 [0] NCCL INFO AllReduce: 4096 Bytes -> Algo RING proto LL channel{Lo..Hi}={0..0}
sg-admin-260624-2348f-default0-0:3309791:3309791 [0] NCCL INFO AllReduce: 4 Bytes -> Algo RING proto LL channel{Lo..Hi}={0..0}
sg-admin-260624-2348f-default0-0:3309791:3309791 [0] NCCL INFO AllReduce: 4096 Bytes -> Algo RING proto LL channel{Lo..Hi}={0..0}
sg-admin-260624-2348f-default0-0:3309791:3309791 [0] NCCL INFO AllReduce: 4 Bytes -> Algo RING proto LL channel{Lo..Hi}={0..0}
sg-admin-260624-2348f-default0-0:3309791:3309791 [0] NCCL INFO AllReduce: 4096 Bytes -> Algo RING proto LL channel{Lo..Hi}={0..0}
sg-admin-260624-2348f-default0-0:3309791:3309791 [0] NCCL INFO AllReduce: 4 Bytes -> Algo RING proto LL channel{Lo..Hi}={0..0}
sg-admin-260624-2348f-default0-0:3309791:3309791 [0] NCCL INFO AllReduce: 4096 Bytes -> Algo RING proto LL channel{Lo..Hi}={0..0}
sg-admin-260624-2348f-default0-0:3309791:3309791 [0] NCCL INFO AllReduce: 4 Bytes -> Algo RING proto LL channel{Lo..Hi}={0..0}
sg-admin-260624-2348f-default0-0:3309791:3309791 [0] NCCL INFO AllReduce: 4096 Bytes -> Algo RING proto LL channel{Lo..Hi}={0..0}
sg-admin-260624-2348f-default0-0:3309791:3309791 [0] NCCL INFO AllReduce: 65536 Bytes -> Algo RING proto SIMPLE channel{Lo..Hi}={0..1}
sg-admin-260624-2348f-default0-0:3309791:3309791 [0] NCCL INFO AllReduce: 65536 Bytes -> Algo RING proto SIMPLE channel{Lo..Hi}={0..1}
sg-admin-260624-2348f-default0-0:3309791:3309791 [0] NCCL INFO AllReduce: 65536 Bytes -> Algo RING proto SIMPLE channel{Lo..Hi}={0..1}
sg-admin-260624-2348f-default0-0:3309791:3309791 [0] NCCL INFO AllReduce: 4 Bytes -> Algo RING proto LL channel{Lo..Hi}={0..0}
sg-admin-260624-2348f-default0-0:3309791:3309791 [0] NCCL INFO AllReduce: 4 Bytes -> Algo RING proto LL channel{Lo..Hi}={0..0}
sg-admin-260624-2348f-default0-0:3309791:3309791 [0] NCCL INFO AllReduce: 65536 Bytes -> Algo RING proto SIMPLE channel{Lo..Hi}={0..1}
sg-admin-260624-2348f-default0-0:3309791:3309791 [0] NCCL INFO AllReduce: 4 Bytes -> Algo RING proto LL channel{Lo..Hi}={0..0}
sg-admin-260624-2348f-default0-0:3309791:3309791 [0] NCCL INFO AllReduce: 65536 Bytes -> Algo RING proto SIMPLE channel{Lo..Hi}={0..1}
sg-admin-260624-2348f-default0-0:3309791:3309791 [0] NCCL INFO AllReduce: 4 Bytes -> Algo RING proto LL channel{Lo..Hi}={0..0}
sg-admin-260624-2348f-default0-0:3309791:3309791 [0] NCCL INFO AllReduce: 65536 Bytes -> Algo RING proto SIMPLE channel{Lo..Hi}={0..1}
sg-admin-260624-2348f-default0-0:3309791:3309791 [0] NCCL INFO AllReduce: 4 Bytes -> Algo RING proto LL channel{Lo..Hi}={0..0}
sg-admin-260624-2348f-default0-0:3309791:3309791 [0] NCCL INFO AllReduce: 65536 Bytes -> Algo RING proto SIMPLE channel{Lo..Hi}={0..1}
sg-admin-260624-2348f-default0-0:3309791:3309791 [0] NCCL INFO AllReduce: 4 Bytes -> Algo RING proto LL channel{Lo..Hi}={0..0}
sg-admin-260624-2348f-default0-0:3309791:3309791 [0] NCCL INFO AllReduce: 65536 Bytes -> Algo RING proto SIMPLE channel{Lo..Hi}={0..1}
sg-admin-260624-2348f-default0-0:3309791:3309791 [0] NCCL INFO AllReduce: 4 Bytes -> Algo RING proto LL channel{Lo..Hi}={0..0}
sg-admin-260624-2348f-default0-0:3309791:3309791 [0] NCCL INFO AllReduce: 65536 Bytes -> Algo RING proto SIMPLE channel{Lo..Hi}={0..1}
sg-admin-260624-2348f-default0-0:3309791:3309791 [0] NCCL INFO AllReduce: 4 Bytes -> Algo RING proto LL channel{Lo..Hi}={0..0}
sg-admin-260624-2348f-default0-0:3309791:3309791 [0] NCCL INFO AllReduce: 65536 Bytes -> Algo RING proto SIMPLE channel{Lo..Hi}={0..1}
sg-admin-260624-2348f-default0-0:3309791:3309791 [0] NCCL INFO AllReduce: 4 Bytes -> Algo RING proto LL channel{Lo..Hi}={0..0}
sg-admin-260624-2348f-default0-0:3309791:3309791 [0] NCCL INFO AllReduce: 65536 Bytes -> Algo RING proto SIMPLE channel{Lo..Hi}={0..1}
sg-admin-260624-2348f-default0-0:3309791:3309791 [0] NCCL INFO AllReduce: 4 Bytes -> Algo RING proto LL channel{Lo..Hi}={0..0}
sg-admin-260624-2348f-default0-0:3309791:3309791 [0] NCCL INFO AllReduce: 65536 Bytes -> Algo RING proto SIMPLE channel{Lo..Hi}={0..1}
sg-admin-260624-2348f-default0-0:3309791:3309791 [0] NCCL INFO AllReduce: 4 Bytes -> Algo RING proto LL channel{Lo..Hi}={0..0}
sg-admin-260624-2348f-default0-0:3309791:3309791 [0] NCCL INFO AllReduce: 65536 Bytes -> Algo RING proto SIMPLE channel{Lo..Hi}={0..1}
sg-admin-260624-2348f-default0-0:3309791:3309791 [0] NCCL INFO AllReduce: 4 Bytes -> Algo RING proto LL channel{Lo..Hi}={0..0}
sg-admin-260624-2348f-default0-0:3309791:3309791 [0] NCCL INFO AllReduce: 65536 Bytes -> Algo RING proto SIMPLE channel{Lo..Hi}={0..1}
sg-admin-260624-2348f-default0-0:3309791:3309791 [0] NCCL INFO AllReduce: 4 Bytes -> Algo RING proto LL channel{Lo..Hi}={0..0}
sg-admin-260624-2348f-default0-0:3309791:3309791 [0] NCCL INFO AllReduce: 65536 Bytes -> Algo RING proto SIMPLE channel{Lo..Hi}={0..1}
sg-admin-260624-2348f-default0-0:3309791:3309791 [0] NCCL INFO AllReduce: 4 Bytes -> Algo RING proto LL channel{Lo..Hi}={0..0}
sg-admin-260624-2348f-default0-0:3309791:3309791 [0] NCCL INFO AllReduce: 65536 Bytes -> Algo RING proto SIMPLE channel{Lo..Hi}={0..1}
sg-admin-260624-2348f-default0-0:3309791:3309791 [0] NCCL INFO AllReduce: 4 Bytes -> Algo RING proto LL channel{Lo..Hi}={0..0}
sg-admin-260624-2348f-default0-0:3309791:3309791 [0] NCCL INFO AllReduce: 65536 Bytes -> Algo RING proto SIMPLE channel{Lo..Hi}={0..1}
sg-admin-260624-2348f-default0-0:3309791:3309791 [0] NCCL INFO AllReduce: 4 Bytes -> Algo RING proto LL channel{Lo..Hi}={0..0}
sg-admin-260624-2348f-default0-0:3309791:3309791 [0] NCCL INFO AllReduce: 65536 Bytes -> Algo RING proto SIMPLE channel{Lo..Hi}={0..1}
sg-admin-260624-2348f-default0-0:3309791:3309791 [0] NCCL INFO AllReduce: 4 Bytes -> Algo RING proto LL channel{Lo..Hi}={0..0}
sg-admin-260624-2348f-default0-0:3309791:3309791 [0] NCCL INFO AllReduce: 65536 Bytes -> Algo RING proto SIMPLE channel{Lo..Hi}={0..1}
sg-admin-260624-2348f-default0-0:3309791:3309791 [0] NCCL INFO AllReduce: 4 Bytes -> Algo RING proto LL channel{Lo..Hi}={0..0}
sg-admin-260624-2348f-default0-0:3309791:3309791 [0] NCCL INFO AllReduce: 65536 Bytes -> Algo RING proto SIMPLE channel{Lo..Hi}={0..1}
sg-admin-260624-2348f-default0-0:3309791:3309791 [0] NCCL INFO AllReduce: 4 Bytes -> Algo RING proto LL channel{Lo..Hi}={0..0}
sg-admin-260624-2348f-default0-0:3309791:3309791 [0] NCCL INFO AllReduce: 65536 Bytes -> Algo RING proto SIMPLE channel{Lo..Hi}={0..1}
sg-admin-260624-2348f-default0-0:3309791:3309791 [0] NCCL INFO AllReduce: 4 Bytes -> Algo RING proto LL channel{Lo..Hi}={0..0}
sg-admin-260624-2348f-default0-0:3309791:3309791 [0] NCCL INFO AllReduce: 65536 Bytes -> Algo RING proto SIMPLE channel{Lo..Hi}={0..1}
sg-admin-260624-2348f-default0-0:3309791:3309791 [0] NCCL INFO AllReduce: 4 Bytes -> Algo RING proto LL channel{Lo..Hi}={0..0}
sg-admin-260624-2348f-default0-0:3309791:3309791 [0] NCCL INFO AllReduce: 65536 Bytes -> Algo RING proto SIMPLE channel{Lo..Hi}={0..1}
sg-admin-260624-2348f-default0-0:3309791:3309791 [0] NCCL INFO AllReduce: 1048576 Bytes -> Algo RING proto SIMPLE channel{Lo..Hi}={0..1}
sg-admin-260624-2348f-default0-0:3309791:3309791 [0] NCCL INFO AllReduce: 1048576 Bytes -> Algo RING proto SIMPLE channel{Lo..Hi}={0..1}
sg-admin-260624-2348f-default0-0:3309791:3309791 [0] NCCL INFO AllReduce: 1048576 Bytes -> Algo RING proto SIMPLE channel{Lo..Hi}={0..1}
sg-admin-260624-2348f-default0-0:3309791:3309791 [0] NCCL INFO AllReduce: 4 Bytes -> Algo RING proto LL channel{Lo..Hi}={0..0}
sg-admin-260624-2348f-default0-0:3309791:3309791 [0] NCCL INFO AllReduce: 4 Bytes -> Algo RING proto LL channel{Lo..Hi}={0..0}
sg-admin-260624-2348f-default0-0:3309791:3309791 [0] NCCL INFO AllReduce: 1048576 Bytes -> Algo RING proto SIMPLE channel{Lo..Hi}={0..1}
sg-admin-260624-2348f-default0-0:3309791:3309791 [0] NCCL INFO AllReduce: 4 Bytes -> Algo RING proto LL channel{Lo..Hi}={0..0}
sg-admin-260624-2348f-default0-0:3309791:3309791 [0] NCCL INFO AllReduce: 1048576 Bytes -> Algo RING proto SIMPLE channel{Lo..Hi}={0..1}
sg-admin-260624-2348f-default0-0:3309791:3309791 [0] NCCL INFO AllReduce: 4 Bytes -> Algo RING proto LL channel{Lo..Hi}={0..0}
sg-admin-260624-2348f-default0-0:3309791:3309791 [0] NCCL INFO AllReduce: 1048576 Bytes -> Algo RING proto SIMPLE channel{Lo..Hi}={0..1}
sg-admin-260624-2348f-default0-0:3309791:3309791 [0] NCCL INFO AllReduce: 4 Bytes -> Algo RING proto LL channel{Lo..Hi}={0..0}
sg-admin-260624-2348f-default0-0:3309791:3309791 [0] NCCL INFO AllReduce: 1048576 Bytes -> Algo RING proto SIMPLE channel{Lo..Hi}={0..1}
sg-admin-260624-2348f-default0-0:3309791:3309791 [0] NCCL INFO AllReduce: 4 Bytes -> Algo RING proto LL channel{Lo..Hi}={0..0}
sg-admin-260624-2348f-default0-0:3309791:3309791 [0] NCCL INFO AllReduce: 1048576 Bytes -> Algo RING proto SIMPLE channel{Lo..Hi}={0..1}
sg-admin-260624-2348f-default0-0:3309791:3309791 [0] NCCL INFO AllReduce: 4 Bytes -> Algo RING proto LL channel{Lo..Hi}={0..0}
sg-admin-260624-2348f-default0-0:3309791:3309791 [0] NCCL INFO AllReduce: 1048576 Bytes -> Algo RING proto SIMPLE channel{Lo..Hi}={0..1}
sg-admin-260624-2348f-default0-0:3309791:3309791 [0] NCCL INFO AllReduce: 4 Bytes -> Algo RING proto LL channel{Lo..Hi}={0..0}
sg-admin-260624-2348f-default0-0:3309791:3309791 [0] NCCL INFO AllReduce: 1048576 Bytes -> Algo RING proto SIMPLE channel{Lo..Hi}={0..1}
sg-admin-260624-2348f-default0-0:3309791:3309791 [0] NCCL INFO AllReduce: 4 Bytes -> Algo RING proto LL channel{Lo..Hi}={0..0}
sg-admin-260624-2348f-default0-0:3309791:3309791 [0] NCCL INFO AllReduce: 1048576 Bytes -> Algo RING proto SIMPLE channel{Lo..Hi}={0..1}
sg-admin-260624-2348f-default0-0:3309791:3309791 [0] NCCL INFO AllReduce: 4 Bytes -> Algo RING proto LL channel{Lo..Hi}={0..0}
sg-admin-260624-2348f-default0-0:3309791:3309791 [0] NCCL INFO AllReduce: 1048576 Bytes -> Algo RING proto SIMPLE channel{Lo..Hi}={0..1}
sg-admin-260624-2348f-default0-0:3309791:3309791 [0] NCCL INFO AllReduce: 4 Bytes -> Algo RING proto LL channel{Lo..Hi}={0..0}
sg-admin-260624-2348f-default0-0:3309791:3309791 [0] NCCL INFO AllReduce: 1048576 Bytes -> Algo RING proto SIMPLE channel{Lo..Hi}={0..1}
sg-admin-260624-2348f-default0-0:3309791:3309791 [0] NCCL INFO AllReduce: 4 Bytes -> Algo RING proto LL channel{Lo..Hi}={0..0}
sg-admin-260624-2348f-default0-0:3309791:3309791 [0] NCCL INFO AllReduce: 1048576 Bytes -> Algo RING proto SIMPLE channel{Lo..Hi}={0..1}
sg-admin-260624-2348f-default0-0:3309791:3309791 [0] NCCL INFO AllReduce: 4 Bytes -> Algo RING proto LL channel{Lo..Hi}={0..0}
sg-admin-260624-2348f-default0-0:3309791:3309791 [0] NCCL INFO AllReduce: 1048576 Bytes -> Algo RING proto SIMPLE channel{Lo..Hi}={0..1}
sg-admin-260624-2348f-default0-0:3309791:3309791 [0] NCCL INFO AllReduce: 4 Bytes -> Algo RING proto LL channel{Lo..Hi}={0..0}
sg-admin-260624-2348f-default0-0:3309791:3309791 [0] NCCL INFO AllReduce: 1048576 Bytes -> Algo RING proto SIMPLE channel{Lo..Hi}={0..1}
sg-admin-260624-2348f-default0-0:3309791:3309791 [0] NCCL INFO AllReduce: 4 Bytes -> Algo RING proto LL channel{Lo..Hi}={0..0}
sg-admin-260624-2348f-default0-0:3309791:3309791 [0] NCCL INFO AllReduce: 1048576 Bytes -> Algo RING proto SIMPLE channel{Lo..Hi}={0..1}
sg-admin-260624-2348f-default0-0:3309791:3309791 [0] NCCL INFO AllReduce: 4 Bytes -> Algo RING proto LL channel{Lo..Hi}={0..0}
sg-admin-260624-2348f-default0-0:3309791:3309791 [0] NCCL INFO AllReduce: 1048576 Bytes -> Algo RING proto SIMPLE channel{Lo..Hi}={0..1}
sg-admin-260624-2348f-default0-0:3309791:3309791 [0] NCCL INFO AllReduce: 4 Bytes -> Algo RING proto LL channel{Lo..Hi}={0..0}
sg-admin-260624-2348f-default0-0:3309791:3309791 [0] NCCL INFO AllReduce: 1048576 Bytes -> Algo RING proto SIMPLE channel{Lo..Hi}={0..1}
sg-admin-260624-2348f-default0-0:3309791:3309791 [0] NCCL INFO AllReduce: 4 Bytes -> Algo RING proto LL channel{Lo..Hi}={0..0}
sg-admin-260624-2348f-default0-0:3309791:3309791 [0] NCCL INFO AllReduce: 1048576 Bytes -> Algo RING proto SIMPLE channel{Lo..Hi}={0..1}
sg-admin-260624-2348f-default0-0:3309791:3309791 [0] NCCL INFO AllReduce: 4 Bytes -> Algo RING proto LL channel{Lo..Hi}={0..0}
sg-admin-260624-2348f-default0-0:3309791:3309791 [0] NCCL INFO AllReduce: 1048576 Bytes -> Algo RING proto SIMPLE channel{Lo..Hi}={0..1}
sg-admin-260624-2348f-default0-0:3309791:3309791 [0] NCCL INFO AllReduce: 4 Bytes -> Algo RING proto LL channel{Lo..Hi}={0..0}
sg-admin-260624-2348f-default0-0:3309791:3309791 [0] NCCL INFO AllReduce: 1048576 Bytes -> Algo RING proto SIMPLE channel{Lo..Hi}={0..1}
sg-admin-260624-2348f-default0-0:3309791:3309791 [0] NCCL INFO AllReduce: 4 Bytes -> Algo RING proto LL channel{Lo..Hi}={0..0}
sg-admin-260624-2348f-default0-0:3309791:3309791 [0] NCCL INFO AllReduce: 1048576 Bytes -> Algo RING proto SIMPLE channel{Lo..Hi}={0..1}
sg-admin-260624-2348f-default0-0:3309791:3309791 [0] NCCL INFO AllReduce: 4194304 Bytes -> Algo RING proto SIMPLE channel{Lo..Hi}={0..1}
sg-admin-260624-2348f-default0-0:3309791:3309791 [0] NCCL INFO AllReduce: 4194304 Bytes -> Algo RING proto SIMPLE channel{Lo..Hi}={0..1}
sg-admin-260624-2348f-default0-0:3309791:3309791 [0] NCCL INFO AllReduce: 4194304 Bytes -> Algo RING proto SIMPLE channel{Lo..Hi}={0..1}
sg-admin-260624-2348f-default0-0:3309791:3309791 [0] NCCL INFO AllReduce: 4 Bytes -> Algo RING proto LL channel{Lo..Hi}={0..0}
sg-admin-260624-2348f-default0-0:3309791:3309791 [0] NCCL INFO AllReduce: 4 Bytes -> Algo RING proto LL channel{Lo..Hi}={0..0}
sg-admin-260624-2348f-default0-0:3309791:3309791 [0] NCCL INFO AllReduce: 4194304 Bytes -> Algo RING proto SIMPLE channel{Lo..Hi}={0..1}
sg-admin-260624-2348f-default0-0:3309791:3309791 [0] NCCL INFO AllReduce: 4 Bytes -> Algo RING proto LL channel{Lo..Hi}={0..0}
sg-admin-260624-2348f-default0-0:3309791:3309791 [0] NCCL INFO AllReduce: 4194304 Bytes -> Algo RING proto SIMPLE channel{Lo..Hi}={0..1}
sg-admin-260624-2348f-default0-0:3309791:3309791 [0] NCCL INFO AllReduce: 4 Bytes -> Algo RING proto LL channel{Lo..Hi}={0..0}
sg-admin-260624-2348f-default0-0:3309791:3309791 [0] NCCL INFO AllReduce: 4194304 Bytes -> Algo RING proto SIMPLE channel{Lo..Hi}={0..1}
sg-admin-260624-2348f-default0-0:3309791:3309791 [0] NCCL INFO AllReduce: 4 Bytes -> Algo RING proto LL channel{Lo..Hi}={0..0}
sg-admin-260624-2348f-default0-0:3309791:3309791 [0] NCCL INFO AllReduce: 4194304 Bytes -> Algo RING proto SIMPLE channel{Lo..Hi}={0..1}
sg-admin-260624-2348f-default0-0:3309791:3309791 [0] NCCL INFO AllReduce: 4 Bytes -> Algo RING proto LL channel{Lo..Hi}={0..0}
sg-admin-260624-2348f-default0-0:3309791:3309791 [0] NCCL INFO AllReduce: 4194304 Bytes -> Algo RING proto SIMPLE channel{Lo..Hi}={0..1}
sg-admin-260624-2348f-default0-0:3309791:3309791 [0] NCCL INFO AllReduce: 4 Bytes -> Algo RING proto LL channel{Lo..Hi}={0..0}
sg-admin-260624-2348f-default0-0:3309791:3309791 [0] NCCL INFO AllReduce: 4194304 Bytes -> Algo RING proto SIMPLE channel{Lo..Hi}={0..1}
sg-admin-260624-2348f-default0-0:3309791:3309791 [0] NCCL INFO AllReduce: 4 Bytes -> Algo RING proto LL channel{Lo..Hi}={0..0}
sg-admin-260624-2348f-default0-0:3309791:3309791 [0] NCCL INFO AllReduce: 4194304 Bytes -> Algo RING proto SIMPLE channel{Lo..Hi}={0..1}
sg-admin-260624-2348f-default0-0:3309791:3309791 [0] NCCL INFO AllReduce: 4 Bytes -> Algo RING proto LL channel{Lo..Hi}={0..0}
sg-admin-260624-2348f-default0-0:3309791:3309791 [0] NCCL INFO AllReduce: 4194304 Bytes -> Algo RING proto SIMPLE channel{Lo..Hi}={0..1}
sg-admin-260624-2348f-default0-0:3309791:3309791 [0] NCCL INFO AllReduce: 4 Bytes -> Algo RING proto LL channel{Lo..Hi}={0..0}
sg-admin-260624-2348f-default0-0:3309791:3309791 [0] NCCL INFO AllReduce: 4194304 Bytes -> Algo RING proto SIMPLE channel{Lo..Hi}={0..1}
sg-admin-260624-2348f-default0-0:3309791:3309791 [0] NCCL INFO AllReduce: 4 Bytes -> Algo RING proto LL channel{Lo..Hi}={0..0}
sg-admin-260624-2348f-default0-0:3309791:3309791 [0] NCCL INFO AllReduce: 4194304 Bytes -> Algo RING proto SIMPLE channel{Lo..Hi}={0..1}
sg-admin-260624-2348f-default0-0:3309791:3309791 [0] NCCL INFO AllReduce: 4 Bytes -> Algo RING proto LL channel{Lo..Hi}={0..0}
sg-admin-260624-2348f-default0-0:3309791:3309791 [0] NCCL INFO AllReduce: 4194304 Bytes -> Algo RING proto SIMPLE channel{Lo..Hi}={0..1}
sg-admin-260624-2348f-default0-0:3309791:3309791 [0] NCCL INFO AllReduce: 4 Bytes -> Algo RING proto LL channel{Lo..Hi}={0..0}
sg-admin-260624-2348f-default0-0:3309791:3309791 [0] NCCL INFO AllReduce: 4194304 Bytes -> Algo RING proto SIMPLE channel{Lo..Hi}={0..1}
sg-admin-260624-2348f-default0-0:3309791:3309791 [0] NCCL INFO AllReduce: 4 Bytes -> Algo RING proto LL channel{Lo..Hi}={0..0}
sg-admin-260624-2348f-default0-0:3309791:3309791 [0] NCCL INFO AllReduce: 4194304 Bytes -> Algo RING proto SIMPLE channel{Lo..Hi}={0..1}
sg-admin-260624-2348f-default0-0:3309791:3309791 [0] NCCL INFO AllReduce: 4 Bytes -> Algo RING proto LL channel{Lo..Hi}={0..0}
sg-admin-260624-2348f-default0-0:3309791:3309791 [0] NCCL INFO AllReduce: 4194304 Bytes -> Algo RING proto SIMPLE channel{Lo..Hi}={0..1}
sg-admin-260624-2348f-default0-0:3309791:3309791 [0] NCCL INFO AllReduce: 4 Bytes -> Algo RING proto LL channel{Lo..Hi}={0..0}
sg-admin-260624-2348f-default0-0:3309791:3309791 [0] NCCL INFO AllReduce: 4194304 Bytes -> Algo RING proto SIMPLE channel{Lo..Hi}={0..1}
sg-admin-260624-2348f-default0-0:3309791:3309791 [0] NCCL INFO AllReduce: 4 Bytes -> Algo RING proto LL channel{Lo..Hi}={0..0}
sg-admin-260624-2348f-default0-0:3309791:3309791 [0] NCCL INFO AllReduce: 4194304 Bytes -> Algo RING proto SIMPLE channel{Lo..Hi}={0..1}
sg-admin-260624-2348f-default0-0:3309791:3309791 [0] NCCL INFO AllReduce: 4 Bytes -> Algo RING proto LL channel{Lo..Hi}={0..0}
sg-admin-260624-2348f-default0-0:3309791:3309791 [0] NCCL INFO AllReduce: 4194304 Bytes -> Algo RING proto SIMPLE channel{Lo..Hi}={0..1}
sg-admin-260624-2348f-default0-0:3309791:3309791 [0] NCCL INFO AllReduce: 4 Bytes -> Algo RING proto LL channel{Lo..Hi}={0..0}
sg-admin-260624-2348f-default0-0:3309791:3309791 [0] NCCL INFO AllReduce: 4194304 Bytes -> Algo RING proto SIMPLE channel{Lo..Hi}={0..1}
sg-admin-260624-2348f-default0-0:3309791:3309791 [0] NCCL INFO AllReduce: 4 Bytes -> Algo RING proto LL channel{Lo..Hi}={0..0}
sg-admin-260624-2348f-default0-0:3309791:3309791 [0] NCCL INFO AllReduce: 4194304 Bytes -> Algo RING proto SIMPLE channel{Lo..Hi}={0..1}
sg-admin-260624-2348f-default0-0:3309791:3309791 [0] NCCL INFO AllReduce: 4 Bytes -> Algo RING proto LL channel{Lo..Hi}={0..0}
sg-admin-260624-2348f-default0-0:3309791:3309791 [0] NCCL INFO AllReduce: 4194304 Bytes -> Algo RING proto SIMPLE channel{Lo..Hi}={0..1}
sg-admin-260624-2348f-default0-0:3309791:3309791 [0] NCCL INFO AllReduce: 16777216 Bytes -> Algo RING proto SIMPLE channel{Lo..Hi}={0..1}
sg-admin-260624-2348f-default0-0:3309791:3309791 [0] NCCL INFO AllReduce: 16777216 Bytes -> Algo RING proto SIMPLE channel{Lo..Hi}={0..1}
sg-admin-260624-2348f-default0-0:3309791:3309791 [0] NCCL INFO AllReduce: 16777216 Bytes -> Algo RING proto SIMPLE channel{Lo..Hi}={0..1}
sg-admin-260624-2348f-default0-0:3309791:3309791 [0] NCCL INFO AllReduce: 4 Bytes -> Algo RING proto LL channel{Lo..Hi}={0..0}
sg-admin-260624-2348f-default0-0:3309791:3309791 [0] NCCL INFO AllReduce: 4 Bytes -> Algo RING proto LL channel{Lo..Hi}={0..0}
sg-admin-260624-2348f-default0-0:3309791:3309791 [0] NCCL INFO AllReduce: 16777216 Bytes -> Algo RING proto SIMPLE channel{Lo..Hi}={0..1}
sg-admin-260624-2348f-default0-0:3309791:3309791 [0] NCCL INFO AllReduce: 4 Bytes -> Algo RING proto LL channel{Lo..Hi}={0..0}
sg-admin-260624-2348f-default0-0:3309791:3309791 [0] NCCL INFO AllReduce: 16777216 Bytes -> Algo RING proto SIMPLE channel{Lo..Hi}={0..1}
sg-admin-260624-2348f-default0-0:3309791:3309791 [0] NCCL INFO AllReduce: 4 Bytes -> Algo RING proto LL channel{Lo..Hi}={0..0}
sg-admin-260624-2348f-default0-0:3309791:3309791 [0] NCCL INFO AllReduce: 16777216 Bytes -> Algo RING proto SIMPLE channel{Lo..Hi}={0..1}
sg-admin-260624-2348f-default0-0:3309791:3309791 [0] NCCL INFO AllReduce: 4 Bytes -> Algo RING proto LL channel{Lo..Hi}={0..0}
sg-admin-260624-2348f-default0-0:3309791:3309791 [0] NCCL INFO AllReduce: 16777216 Bytes -> Algo RING proto SIMPLE channel{Lo..Hi}={0..1}
sg-admin-260624-2348f-default0-0:3309791:3309791 [0] NCCL INFO AllReduce: 4 Bytes -> Algo RING proto LL channel{Lo..Hi}={0..0}
sg-admin-260624-2348f-default0-0:3309791:3309791 [0] NCCL INFO AllReduce: 16777216 Bytes -> Algo RING proto SIMPLE channel{Lo..Hi}={0..1}
sg-admin-260624-2348f-default0-0:3309791:3309791 [0] NCCL INFO AllReduce: 4 Bytes -> Algo RING proto LL channel{Lo..Hi}={0..0}
sg-admin-260624-2348f-default0-0:3309791:3309791 [0] NCCL INFO AllReduce: 16777216 Bytes -> Algo RING proto SIMPLE channel{Lo..Hi}={0..1}
sg-admin-260624-2348f-default0-0:3309791:3309791 [0] NCCL INFO AllReduce: 4 Bytes -> Algo RING proto LL channel{Lo..Hi}={0..0}
sg-admin-260624-2348f-default0-0:3309791:3309791 [0] NCCL INFO AllReduce: 16777216 Bytes -> Algo RING proto SIMPLE channel{Lo..Hi}={0..1}
sg-admin-260624-2348f-default0-0:3309791:3309791 [0] NCCL INFO AllReduce: 4 Bytes -> Algo RING proto LL channel{Lo..Hi}={0..0}
sg-admin-260624-2348f-default0-0:3309791:3309791 [0] NCCL INFO AllReduce: 16777216 Bytes -> Algo RING proto SIMPLE channel{Lo..Hi}={0..1}
sg-admin-260624-2348f-default0-0:3309791:3309791 [0] NCCL INFO AllReduce: 67108864 Bytes -> Algo RING proto SIMPLE channel{Lo..Hi}={0..1}
sg-admin-260624-2348f-default0-0:3309791:3309791 [0] NCCL INFO AllReduce: 67108864 Bytes -> Algo RING proto SIMPLE channel{Lo..Hi}={0..1}
sg-admin-260624-2348f-default0-0:3309791:3309791 [0] NCCL INFO AllReduce: 67108864 Bytes -> Algo RING proto SIMPLE channel{Lo..Hi}={0..1}
sg-admin-260624-2348f-default0-0:3309791:3309791 [0] NCCL INFO AllReduce: 4 Bytes -> Algo RING proto LL channel{Lo..Hi}={0..0}
sg-admin-260624-2348f-default0-0:3309791:3309791 [0] NCCL INFO AllReduce: 4 Bytes -> Algo RING proto LL channel{Lo..Hi}={0..0}
sg-admin-260624-2348f-default0-0:3309791:3309791 [0] NCCL INFO AllReduce: 67108864 Bytes -> Algo RING proto SIMPLE channel{Lo..Hi}={0..1}
sg-admin-260624-2348f-default0-0:3309791:3309791 [0] NCCL INFO AllReduce: 4 Bytes -> Algo RING proto LL channel{Lo..Hi}={0..0}
sg-admin-260624-2348f-default0-0:3309791:3309791 [0] NCCL INFO AllReduce: 67108864 Bytes -> Algo RING proto SIMPLE channel{Lo..Hi}={0..1}
sg-admin-260624-2348f-default0-0:3309791:3309791 [0] NCCL INFO AllReduce: 4 Bytes -> Algo RING proto LL channel{Lo..Hi}={0..0}
sg-admin-260624-2348f-default0-0:3309791:3309791 [0] NCCL INFO AllReduce: 67108864 Bytes -> Algo RING proto SIMPLE channel{Lo..Hi}={0..1}
sg-admin-260624-2348f-default0-0:3309791:3309791 [0] NCCL INFO AllReduce: 4 Bytes -> Algo RING proto LL channel{Lo..Hi}={0..0}
sg-admin-260624-2348f-default0-0:3309791:3309791 [0] NCCL INFO AllReduce: 67108864 Bytes -> Algo RING proto SIMPLE channel{Lo..Hi}={0..1}
sg-admin-260624-2348f-default0-0:3309791:3309791 [0] NCCL INFO AllReduce: 4 Bytes -> Algo RING proto LL channel{Lo..Hi}={0..0}
sg-admin-260624-2348f-default0-0:3309791:3309791 [0] NCCL INFO AllReduce: 67108864 Bytes -> Algo RING proto SIMPLE channel{Lo..Hi}={0..1}
sg-admin-260624-2348f-default0-0:3309791:3309791 [0] NCCL INFO AllReduce: 4 Bytes -> Algo RING proto LL channel{Lo..Hi}={0..0}
sg-admin-260624-2348f-default0-0:3309791:3309791 [0] NCCL INFO AllReduce: 67108864 Bytes -> Algo RING proto SIMPLE channel{Lo..Hi}={0..1}
sg-admin-260624-2348f-default0-0:3309791:3309791 [0] NCCL INFO AllReduce: 4 Bytes -> Algo RING proto LL channel{Lo..Hi}={0..0}
sg-admin-260624-2348f-default0-0:3309791:3309791 [0] NCCL INFO AllReduce: 67108864 Bytes -> Algo RING proto SIMPLE channel{Lo..Hi}={0..1}
sg-admin-260624-2348f-default0-0:3309791:3309791 [0] NCCL INFO AllReduce: 4 Bytes -> Algo RING proto LL channel{Lo..Hi}={0..0}
sg-admin-260624-2348f-default0-0:3309791:3309791 [0] NCCL INFO AllReduce: 67108864 Bytes -> Algo RING proto SIMPLE channel{Lo..Hi}={0..1}
sg-admin-260624-2348f-default0-0:3309791:3309791 [0] NCCL INFO AllReduce: 268435456 Bytes -> Algo RING proto SIMPLE channel{Lo..Hi}={0..1}
sg-admin-260624-2348f-default0-0:3309791:3309791 [0] NCCL INFO AllReduce: 268435456 Bytes -> Algo RING proto SIMPLE channel{Lo..Hi}={0..1}
sg-admin-260624-2348f-default0-0:3309791:3309791 [0] NCCL INFO AllReduce: 268435456 Bytes -> Algo RING proto SIMPLE channel{Lo..Hi}={0..1}
sg-admin-260624-2348f-default0-0:3309791:3309791 [0] NCCL INFO AllReduce: 4 Bytes -> Algo RING proto LL channel{Lo..Hi}={0..0}
sg-admin-260624-2348f-default0-0:3309791:3309791 [0] NCCL INFO AllReduce: 4 Bytes -> Algo RING proto LL channel{Lo..Hi}={0..0}
sg-admin-260624-2348f-default0-0:3309791:3309791 [0] NCCL INFO AllReduce: 268435456 Bytes -> Algo RING proto SIMPLE channel{Lo..Hi}={0..1}
sg-admin-260624-2348f-default0-0:3309791:3309791 [0] NCCL INFO AllReduce: 4 Bytes -> Algo RING proto LL channel{Lo..Hi}={0..0}
sg-admin-260624-2348f-default0-0:3309791:3309791 [0] NCCL INFO AllReduce: 268435456 Bytes -> Algo RING proto SIMPLE channel{Lo..Hi}={0..1}
sg-admin-260624-2348f-default0-0:3309791:3309791 [0] NCCL INFO AllReduce: 4 Bytes -> Algo RING proto LL channel{Lo..Hi}={0..0}
sg-admin-260624-2348f-default0-0:3309791:3309791 [0] NCCL INFO AllReduce: 268435456 Bytes -> Algo RING proto SIMPLE channel{Lo..Hi}={0..1}
sg-admin-260624-2348f-default0-0:3309791:3309791 [0] NCCL INFO AllReduce: 4 Bytes -> Algo RING proto LL channel{Lo..Hi}={0..0}
sg-admin-260624-2348f-default0-0:3309791:3309791 [0] NCCL INFO AllReduce: 268435456 Bytes -> Algo RING proto SIMPLE channel{Lo..Hi}={0..1}
sg-admin-260624-2348f-default0-0:3309791:3309791 [0] NCCL INFO AllReduce: 4 Bytes -> Algo RING proto LL channel{Lo..Hi}={0..0}
sg-admin-260624-2348f-default0-0:3309791:3309791 [0] NCCL INFO AllReduce: 268435456 Bytes -> Algo RING proto SIMPLE channel{Lo..Hi}={0..1}
sg-admin-260624-2348f-default0-0:3309791:3309791 [0] NCCL INFO AllReduce: 4 Bytes -> Algo RING proto LL channel{Lo..Hi}={0..0}
sg-admin-260624-2348f-default0-0:3309791:3309791 [0] NCCL INFO AllReduce: 268435456 Bytes -> Algo RING proto SIMPLE channel{Lo..Hi}={0..1}
sg-admin-260624-2348f-default0-0:3309791:3309791 [0] NCCL INFO AllReduce: 4 Bytes -> Algo RING proto LL channel{Lo..Hi}={0..0}
sg-admin-260624-2348f-default0-0:3309791:3309791 [0] NCCL INFO AllReduce: 268435456 Bytes -> Algo RING proto SIMPLE channel{Lo..Hi}={0..1}
sg-admin-260624-2348f-default0-0:3309791:3309791 [0] NCCL INFO AllReduce: 4 Bytes -> Algo RING proto LL channel{Lo..Hi}={0..0}
sg-admin-260624-2348f-default0-0:3309791:3309791 [0] NCCL INFO AllReduce: 268435456 Bytes -> Algo RING proto SIMPLE channel{Lo..Hi}={0..1}
sg-admin-260624-2348f-default0-0:3309791:3309791 [0] NCCL INFO AllReduce: 4 Bytes -> Algo RING proto LL channel{Lo..Hi}={0..0}
sg-admin-260624-2348f-default0-0:3309791:3309791 [0] NCCL INFO AllGather: 4096 Bytes -> Algo RING proto SIMPLE channel{Lo..Hi}={0..0}
sg-admin-260624-2348f-default0-0:3309791:3309791 [0] NCCL INFO AllGather: 4096 Bytes -> Algo RING proto SIMPLE channel{Lo..Hi}={0..0}
sg-admin-260624-2348f-default0-0:3309791:3309791 [0] NCCL INFO AllGather: 4096 Bytes -> Algo RING proto SIMPLE channel{Lo..Hi}={0..0}
sg-admin-260624-2348f-default0-0:3309791:3309791 [0] NCCL INFO AllReduce: 4 Bytes -> Algo RING proto LL channel{Lo..Hi}={0..0}
sg-admin-260624-2348f-default0-0:3309791:3309791 [0] NCCL INFO AllReduce: 4 Bytes -> Algo RING proto LL channel{Lo..Hi}={0..0}
sg-admin-260624-2348f-default0-0:3309791:3309791 [0] NCCL INFO AllGather: 4096 Bytes -> Algo RING proto SIMPLE channel{Lo..Hi}={0..0}
sg-admin-260624-2348f-default0-0:3309791:3309791 [0] NCCL INFO AllReduce: 4 Bytes -> Algo RING proto LL channel{Lo..Hi}={0..0}
sg-admin-260624-2348f-default0-0:3309791:3309791 [0] NCCL INFO AllGather: 4096 Bytes -> Algo RING proto SIMPLE channel{Lo..Hi}={0..0}
sg-admin-260624-2348f-default0-0:3309791:3309791 [0] NCCL INFO AllReduce: 4 Bytes -> Algo RING proto LL channel{Lo..Hi}={0..0}
sg-admin-260624-2348f-default0-0:3309791:3309791 [0] NCCL INFO AllGather: 4096 Bytes -> Algo RING proto SIMPLE channel{Lo..Hi}={0..0}
sg-admin-260624-2348f-default0-0:3309791:3309791 [0] NCCL INFO AllReduce: 4 Bytes -> Algo RING proto LL channel{Lo..Hi}={0..0}
sg-admin-260624-2348f-default0-0:3309791:3309791 [0] NCCL INFO AllGather: 4096 Bytes -> Algo RING proto SIMPLE channel{Lo..Hi}={0..0}
sg-admin-260624-2348f-default0-0:3309791:3309791 [0] NCCL INFO AllReduce: 4 Bytes -> Algo RING proto LL channel{Lo..Hi}={0..0}
sg-admin-260624-2348f-default0-0:3309791:3309791 [0] NCCL INFO AllGather: 4096 Bytes -> Algo RING proto SIMPLE channel{Lo..Hi}={0..0}
sg-admin-260624-2348f-default0-0:3309791:3309791 [0] NCCL INFO AllReduce: 4 Bytes -> Algo RING proto LL channel{Lo..Hi}={0..0}
sg-admin-260624-2348f-default0-0:3309791:3309791 [0] NCCL INFO AllGather: 4096 Bytes -> Algo RING proto SIMPLE channel{Lo..Hi}={0..0}
sg-admin-260624-2348f-default0-0:3309791:3309791 [0] NCCL INFO AllReduce: 4 Bytes -> Algo RING proto LL channel{Lo..Hi}={0..0}
sg-admin-260624-2348f-default0-0:3309791:3309791 [0] NCCL INFO AllGather: 4096 Bytes -> Algo RING proto SIMPLE channel{Lo..Hi}={0..0}
sg-admin-260624-2348f-default0-0:3309791:3309791 [0] NCCL INFO AllReduce: 4 Bytes -> Algo RING proto LL channel{Lo..Hi}={0..0}
sg-admin-260624-2348f-default0-0:3309791:3309791 [0] NCCL INFO AllGather: 4096 Bytes -> Algo RING proto SIMPLE channel{Lo..Hi}={0..0}
sg-admin-260624-2348f-default0-0:3309791:3309791 [0] NCCL INFO AllReduce: 4 Bytes -> Algo RING proto LL channel{Lo..Hi}={0..0}
sg-admin-260624-2348f-default0-0:3309791:3309791 [0] NCCL INFO AllGather: 4096 Bytes -> Algo RING proto SIMPLE channel{Lo..Hi}={0..0}
sg-admin-260624-2348f-default0-0:3309791:3309791 [0] NCCL INFO AllReduce: 4 Bytes -> Algo RING proto LL channel{Lo..Hi}={0..0}
sg-admin-260624-2348f-default0-0:3309791:3309791 [0] NCCL INFO AllGather: 4096 Bytes -> Algo RING proto SIMPLE channel{Lo..Hi}={0..0}
sg-admin-260624-2348f-default0-0:3309791:3309791 [0] NCCL INFO AllReduce: 4 Bytes -> Algo RING proto LL channel{Lo..Hi}={0..0}
sg-admin-260624-2348f-default0-0:3309791:3309791 [0] NCCL INFO AllGather: 4096 Bytes -> Algo RING proto SIMPLE channel{Lo..Hi}={0..0}
sg-admin-260624-2348f-default0-0:3309791:3309791 [0] NCCL INFO AllReduce: 4 Bytes -> Algo RING proto LL channel{Lo..Hi}={0..0}
sg-admin-260624-2348f-default0-0:3309791:3309791 [0] NCCL INFO AllGather: 4096 Bytes -> Algo RING proto SIMPLE channel{Lo..Hi}={0..0}
sg-admin-260624-2348f-default0-0:3309791:3309791 [0] NCCL INFO AllReduce: 4 Bytes -> Algo RING proto LL channel{Lo..Hi}={0..0}
sg-admin-260624-2348f-default0-0:3309791:3309791 [0] NCCL INFO AllGather: 4096 Bytes -> Algo RING proto SIMPLE channel{Lo..Hi}={0..0}
sg-admin-260624-2348f-default0-0:3309791:3309791 [0] NCCL INFO AllReduce: 4 Bytes -> Algo RING proto LL channel{Lo..Hi}={0..0}
sg-admin-260624-2348f-default0-0:3309791:3309791 [0] NCCL INFO AllGather: 4096 Bytes -> Algo RING proto SIMPLE channel{Lo..Hi}={0..0}
sg-admin-260624-2348f-default0-0:3309791:3309791 [0] NCCL INFO AllReduce: 4 Bytes -> Algo RING proto LL channel{Lo..Hi}={0..0}
sg-admin-260624-2348f-default0-0:3309791:3309791 [0] NCCL INFO AllGather: 4096 Bytes -> Algo RING proto SIMPLE channel{Lo..Hi}={0..0}
sg-admin-260624-2348f-default0-0:3309791:3309791 [0] NCCL INFO AllReduce: 4 Bytes -> Algo RING proto LL channel{Lo..Hi}={0..0}
sg-admin-260624-2348f-default0-0:3309791:3309791 [0] NCCL INFO AllGather: 4096 Bytes -> Algo RING proto SIMPLE channel{Lo..Hi}={0..0}
sg-admin-260624-2348f-default0-0:3309791:3309791 [0] NCCL INFO AllReduce: 4 Bytes -> Algo RING proto LL channel{Lo..Hi}={0..0}
sg-admin-260624-2348f-default0-0:3309791:3309791 [0] NCCL INFO AllGather: 4096 Bytes -> Algo RING proto SIMPLE channel{Lo..Hi}={0..0}
sg-admin-260624-2348f-default0-0:3309791:3309791 [0] NCCL INFO AllReduce: 4 Bytes -> Algo RING proto LL channel{Lo..Hi}={0..0}
sg-admin-260624-2348f-default0-0:3309791:3309791 [0] NCCL INFO AllGather: 4096 Bytes -> Algo RING proto SIMPLE channel{Lo..Hi}={0..0}
sg-admin-260624-2348f-default0-0:3309791:3309791 [0] NCCL INFO AllReduce: 4 Bytes -> Algo RING proto LL channel{Lo..Hi}={0..0}
sg-admin-260624-2348f-default0-0:3309791:3309791 [0] NCCL INFO AllGather: 4096 Bytes -> Algo RING proto SIMPLE channel{Lo..Hi}={0..0}
sg-admin-260624-2348f-default0-0:3309791:3309791 [0] NCCL INFO AllReduce: 4 Bytes -> Algo RING proto LL channel{Lo..Hi}={0..0}
sg-admin-260624-2348f-default0-0:3309791:3309791 [0] NCCL INFO AllGather: 4096 Bytes -> Algo RING proto SIMPLE channel{Lo..Hi}={0..0}
sg-admin-260624-2348f-default0-0:3309791:3309791 [0] NCCL INFO AllGather: 65536 Bytes -> Algo RING proto SIMPLE channel{Lo..Hi}={0..1}
sg-admin-260624-2348f-default0-0:3309791:3309791 [0] NCCL INFO AllGather: 65536 Bytes -> Algo RING proto SIMPLE channel{Lo..Hi}={0..1}
sg-admin-260624-2348f-default0-0:3309791:3309791 [0] NCCL INFO AllGather: 65536 Bytes -> Algo RING proto SIMPLE channel{Lo..Hi}={0..1}
sg-admin-260624-2348f-default0-0:3309791:3309791 [0] NCCL INFO AllReduce: 4 Bytes -> Algo RING proto LL channel{Lo..Hi}={0..0}
sg-admin-260624-2348f-default0-0:3309791:3309791 [0] NCCL INFO AllReduce: 4 Bytes -> Algo RING proto LL channel{Lo..Hi}={0..0}
sg-admin-260624-2348f-default0-0:3309791:3309791 [0] NCCL INFO AllGather: 65536 Bytes -> Algo RING proto SIMPLE channel{Lo..Hi}={0..1}
sg-admin-260624-2348f-default0-0:3309791:3309791 [0] NCCL INFO AllReduce: 4 Bytes -> Algo RING proto LL channel{Lo..Hi}={0..0}
sg-admin-260624-2348f-default0-0:3309791:3309791 [0] NCCL INFO AllGather: 65536 Bytes -> Algo RING proto SIMPLE channel{Lo..Hi}={0..1}
sg-admin-260624-2348f-default0-0:3309791:3309791 [0] NCCL INFO AllReduce: 4 Bytes -> Algo RING proto LL channel{Lo..Hi}={0..0}
sg-admin-260624-2348f-default0-0:3309791:3309791 [0] NCCL INFO AllGather: 65536 Bytes -> Algo RING proto SIMPLE channel{Lo..Hi}={0..1}
sg-admin-260624-2348f-default0-0:3309791:3309791 [0] NCCL INFO AllReduce: 4 Bytes -> Algo RING proto LL channel{Lo..Hi}={0..0}
sg-admin-260624-2348f-default0-0:3309791:3309791 [0] NCCL INFO AllGather: 65536 Bytes -> Algo RING proto SIMPLE channel{Lo..Hi}={0..1}
sg-admin-260624-2348f-default0-0:3309791:3309791 [0] NCCL INFO AllReduce: 4 Bytes -> Algo RING proto LL channel{Lo..Hi}={0..0}
sg-admin-260624-2348f-default0-0:3309791:3309791 [0] NCCL INFO AllGather: 65536 Bytes -> Algo RING proto SIMPLE channel{Lo..Hi}={0..1}
sg-admin-260624-2348f-default0-0:3309791:3309791 [0] NCCL INFO AllReduce: 4 Bytes -> Algo RING proto LL channel{Lo..Hi}={0..0}
sg-admin-260624-2348f-default0-0:3309791:3309791 [0] NCCL INFO AllGather: 65536 Bytes -> Algo RING proto SIMPLE channel{Lo..Hi}={0..1}
sg-admin-260624-2348f-default0-0:3309791:3309791 [0] NCCL INFO AllReduce: 4 Bytes -> Algo RING proto LL channel{Lo..Hi}={0..0}
sg-admin-260624-2348f-default0-0:3309791:3309791 [0] NCCL INFO AllGather: 65536 Bytes -> Algo RING proto SIMPLE channel{Lo..Hi}={0..1}
sg-admin-260624-2348f-default0-0:3309791:3309791 [0] NCCL INFO AllReduce: 4 Bytes -> Algo RING proto LL channel{Lo..Hi}={0..0}
sg-admin-260624-2348f-default0-0:3309791:3309791 [0] NCCL INFO AllGather: 65536 Bytes -> Algo RING proto SIMPLE channel{Lo..Hi}={0..1}
sg-admin-260624-2348f-default0-0:3309791:3309791 [0] NCCL INFO AllReduce: 4 Bytes -> Algo RING proto LL channel{Lo..Hi}={0..0}
sg-admin-260624-2348f-default0-0:3309791:3309791 [0] NCCL INFO AllGather: 65536 Bytes -> Algo RING proto SIMPLE channel{Lo..Hi}={0..1}
sg-admin-260624-2348f-default0-0:3309791:3309791 [0] NCCL INFO AllReduce: 4 Bytes -> Algo RING proto LL channel{Lo..Hi}={0..0}
sg-admin-260624-2348f-default0-0:3309791:3309791 [0] NCCL INFO AllGather: 65536 Bytes -> Algo RING proto SIMPLE channel{Lo..Hi}={0..1}
sg-admin-260624-2348f-default0-0:3309791:3309791 [0] NCCL INFO AllReduce: 4 Bytes -> Algo RING proto LL channel{Lo..Hi}={0..0}
sg-admin-260624-2348f-default0-0:3309791:3309791 [0] NCCL INFO AllGather: 65536 Bytes -> Algo RING proto SIMPLE channel{Lo..Hi}={0..1}
sg-admin-260624-2348f-default0-0:3309791:3309791 [0] NCCL INFO AllReduce: 4 Bytes -> Algo RING proto LL channel{Lo..Hi}={0..0}
sg-admin-260624-2348f-default0-0:3309791:3309791 [0] NCCL INFO AllGather: 65536 Bytes -> Algo RING proto SIMPLE channel{Lo..Hi}={0..1}
sg-admin-260624-2348f-default0-0:3309791:3309791 [0] NCCL INFO AllReduce: 4 Bytes -> Algo RING proto LL channel{Lo..Hi}={0..0}
sg-admin-260624-2348f-default0-0:3309791:3309791 [0] NCCL INFO AllGather: 65536 Bytes -> Algo RING proto SIMPLE channel{Lo..Hi}={0..1}
sg-admin-260624-2348f-default0-0:3309791:3309791 [0] NCCL INFO AllReduce: 4 Bytes -> Algo RING proto LL channel{Lo..Hi}={0..0}
sg-admin-260624-2348f-default0-0:3309791:3309791 [0] NCCL INFO AllGather: 65536 Bytes -> Algo RING proto SIMPLE channel{Lo..Hi}={0..1}
sg-admin-260624-2348f-default0-0:3309791:3309791 [0] NCCL INFO AllReduce: 4 Bytes -> Algo RING proto LL channel{Lo..Hi}={0..0}
sg-admin-260624-2348f-default0-0:3309791:3309791 [0] NCCL INFO AllGather: 65536 Bytes -> Algo RING proto SIMPLE channel{Lo..Hi}={0..1}
sg-admin-260624-2348f-default0-0:3309791:3309791 [0] NCCL INFO AllReduce: 4 Bytes -> Algo RING proto LL channel{Lo..Hi}={0..0}
sg-admin-260624-2348f-default0-0:3309791:3309791 [0] NCCL INFO AllGather: 65536 Bytes -> Algo RING proto SIMPLE channel{Lo..Hi}={0..1}
sg-admin-260624-2348f-default0-0:3309791:3309791 [0] NCCL INFO AllReduce: 4 Bytes -> Algo RING proto LL channel{Lo..Hi}={0..0}
sg-admin-260624-2348f-default0-0:3309791:3309791 [0] NCCL INFO AllGather: 65536 Bytes -> Algo RING proto SIMPLE channel{Lo..Hi}={0..1}
sg-admin-260624-2348f-default0-0:3309791:3309791 [0] NCCL INFO AllReduce: 4 Bytes -> Algo RING proto LL channel{Lo..Hi}={0..0}
sg-admin-260624-2348f-default0-0:3309791:3309791 [0] NCCL INFO AllGather: 65536 Bytes -> Algo RING proto SIMPLE channel{Lo..Hi}={0..1}
sg-admin-260624-2348f-default0-0:3309791:3309791 [0] NCCL INFO AllReduce: 4 Bytes -> Algo RING proto LL channel{Lo..Hi}={0..0}
sg-admin-260624-2348f-default0-0:3309791:3309791 [0] NCCL INFO AllGather: 65536 Bytes -> Algo RING proto SIMPLE channel{Lo..Hi}={0..1}
sg-admin-260624-2348f-default0-0:3309791:3309791 [0] NCCL INFO AllReduce: 4 Bytes -> Algo RING proto LL channel{Lo..Hi}={0..0}
sg-admin-260624-2348f-default0-0:3309791:3309791 [0] NCCL INFO AllGather: 65536 Bytes -> Algo RING proto SIMPLE channel{Lo..Hi}={0..1}
sg-admin-260624-2348f-default0-0:3309791:3309791 [0] NCCL INFO AllGather: 1048576 Bytes -> Algo RING proto SIMPLE channel{Lo..Hi}={0..1}
sg-admin-260624-2348f-default0-0:3309791:3309791 [0] NCCL INFO AllGather: 1048576 Bytes -> Algo RING proto SIMPLE channel{Lo..Hi}={0..1}
sg-admin-260624-2348f-default0-0:3309791:3309791 [0] NCCL INFO AllGather: 1048576 Bytes -> Algo RING proto SIMPLE channel{Lo..Hi}={0..1}
sg-admin-260624-2348f-default0-0:3309791:3309791 [0] NCCL INFO AllReduce: 4 Bytes -> Algo RING proto LL channel{Lo..Hi}={0..0}
sg-admin-260624-2348f-default0-0:3309791:3309791 [0] NCCL INFO AllReduce: 4 Bytes -> Algo RING proto LL channel{Lo..Hi}={0..0}
sg-admin-260624-2348f-default0-0:3309791:3309791 [0] NCCL INFO AllGather: 1048576 Bytes -> Algo RING proto SIMPLE channel{Lo..Hi}={0..1}
sg-admin-260624-2348f-default0-0:3309791:3309791 [0] NCCL INFO AllReduce: 4 Bytes -> Algo RING proto LL channel{Lo..Hi}={0..0}
sg-admin-260624-2348f-default0-0:3309791:3309791 [0] NCCL INFO AllGather: 1048576 Bytes -> Algo RING proto SIMPLE channel{Lo..Hi}={0..1}
sg-admin-260624-2348f-default0-0:3309791:3309791 [0] NCCL INFO AllReduce: 4 Bytes -> Algo RING proto LL channel{Lo..Hi}={0..0}
sg-admin-260624-2348f-default0-0:3309791:3309791 [0] NCCL INFO AllGather: 1048576 Bytes -> Algo RING proto SIMPLE channel{Lo..Hi}={0..1}
sg-admin-260624-2348f-default0-0:3309791:3309791 [0] NCCL INFO AllReduce: 4 Bytes -> Algo RING proto LL channel{Lo..Hi}={0..0}
sg-admin-260624-2348f-default0-0:3309791:3309791 [0] NCCL INFO AllGather: 1048576 Bytes -> Algo RING proto SIMPLE channel{Lo..Hi}={0..1}
sg-admin-260624-2348f-default0-0:3309791:3309791 [0] NCCL INFO AllReduce: 4 Bytes -> Algo RING proto LL channel{Lo..Hi}={0..0}
sg-admin-260624-2348f-default0-0:3309791:3309791 [0] NCCL INFO AllGather: 1048576 Bytes -> Algo RING proto SIMPLE channel{Lo..Hi}={0..1}
sg-admin-260624-2348f-default0-0:3309791:3309791 [0] NCCL INFO AllReduce: 4 Bytes -> Algo RING proto LL channel{Lo..Hi}={0..0}
sg-admin-260624-2348f-default0-0:3309791:3309791 [0] NCCL INFO AllGather: 1048576 Bytes -> Algo RING proto SIMPLE channel{Lo..Hi}={0..1}
sg-admin-260624-2348f-default0-0:3309791:3309791 [0] NCCL INFO AllReduce: 4 Bytes -> Algo RING proto LL channel{Lo..Hi}={0..0}
sg-admin-260624-2348f-default0-0:3309791:3309791 [0] NCCL INFO AllGather: 1048576 Bytes -> Algo RING proto SIMPLE channel{Lo..Hi}={0..1}
sg-admin-260624-2348f-default0-0:3309791:3309791 [0] NCCL INFO AllReduce: 4 Bytes -> Algo RING proto LL channel{Lo..Hi}={0..0}
sg-admin-260624-2348f-default0-0:3309791:3309791 [0] NCCL INFO AllGather: 1048576 Bytes -> Algo RING proto SIMPLE channel{Lo..Hi}={0..1}
sg-admin-260624-2348f-default0-0:3309791:3309791 [0] NCCL INFO AllReduce: 4 Bytes -> Algo RING proto LL channel{Lo..Hi}={0..0}
sg-admin-260624-2348f-default0-0:3309791:3309791 [0] NCCL INFO AllGather: 1048576 Bytes -> Algo RING proto SIMPLE channel{Lo..Hi}={0..1}
sg-admin-260624-2348f-default0-0:3309791:3309791 [0] NCCL INFO AllReduce: 4 Bytes -> Algo RING proto LL channel{Lo..Hi}={0..0}
sg-admin-260624-2348f-default0-0:3309791:3309791 [0] NCCL INFO AllGather: 1048576 Bytes -> Algo RING proto SIMPLE channel{Lo..Hi}={0..1}
sg-admin-260624-2348f-default0-0:3309791:3309791 [0] NCCL INFO AllReduce: 4 Bytes -> Algo RING proto LL channel{Lo..Hi}={0..0}
sg-admin-260624-2348f-default0-0:3309791:3309791 [0] NCCL INFO AllGather: 1048576 Bytes -> Algo RING proto SIMPLE channel{Lo..Hi}={0..1}
sg-admin-260624-2348f-default0-0:3309791:3309791 [0] NCCL INFO AllReduce: 4 Bytes -> Algo RING proto LL channel{Lo..Hi}={0..0}
sg-admin-260624-2348f-default0-0:3309791:3309791 [0] NCCL INFO AllGather: 1048576 Bytes -> Algo RING proto SIMPLE channel{Lo..Hi}={0..1}
sg-admin-260624-2348f-default0-0:3309791:3309791 [0] NCCL INFO AllReduce: 4 Bytes -> Algo RING proto LL channel{Lo..Hi}={0..0}
sg-admin-260624-2348f-default0-0:3309791:3309791 [0] NCCL INFO AllGather: 1048576 Bytes -> Algo RING proto SIMPLE channel{Lo..Hi}={0..1}
sg-admin-260624-2348f-default0-0:3309791:3309791 [0] NCCL INFO AllReduce: 4 Bytes -> Algo RING proto LL channel{Lo..Hi}={0..0}
sg-admin-260624-2348f-default0-0:3309791:3309791 [0] NCCL INFO AllGather: 1048576 Bytes -> Algo RING proto SIMPLE channel{Lo..Hi}={0..1}
sg-admin-260624-2348f-default0-0:3309791:3309791 [0] NCCL INFO AllReduce: 4 Bytes -> Algo RING proto LL channel{Lo..Hi}={0..0}
sg-admin-260624-2348f-default0-0:3309791:3309791 [0] NCCL INFO AllGather: 1048576 Bytes -> Algo RING proto SIMPLE channel{Lo..Hi}={0..1}
sg-admin-260624-2348f-default0-0:3309791:3309791 [0] NCCL INFO AllReduce: 4 Bytes -> Algo RING proto LL channel{Lo..Hi}={0..0}
sg-admin-260624-2348f-default0-0:3309791:3309791 [0] NCCL INFO AllGather: 1048576 Bytes -> Algo RING proto SIMPLE channel{Lo..Hi}={0..1}
sg-admin-260624-2348f-default0-0:3309791:3309791 [0] NCCL INFO AllReduce: 4 Bytes -> Algo RING proto LL channel{Lo..Hi}={0..0}
sg-admin-260624-2348f-default0-0:3309791:3309791 [0] NCCL INFO AllGather: 1048576 Bytes -> Algo RING proto SIMPLE channel{Lo..Hi}={0..1}
sg-admin-260624-2348f-default0-0:3309791:3309791 [0] NCCL INFO AllReduce: 4 Bytes -> Algo RING proto LL channel{Lo..Hi}={0..0}
sg-admin-260624-2348f-default0-0:3309791:3309791 [0] NCCL INFO AllGather: 1048576 Bytes -> Algo RING proto SIMPLE channel{Lo..Hi}={0..1}
sg-admin-260624-2348f-default0-0:3309791:3309791 [0] NCCL INFO AllReduce: 4 Bytes -> Algo RING proto LL channel{Lo..Hi}={0..0}
sg-admin-260624-2348f-default0-0:3309791:3309791 [0] NCCL INFO AllGather: 1048576 Bytes -> Algo RING proto SIMPLE channel{Lo..Hi}={0..1}
sg-admin-260624-2348f-default0-0:3309791:3309791 [0] NCCL INFO AllReduce: 4 Bytes -> Algo RING proto LL channel{Lo..Hi}={0..0}
sg-admin-260624-2348f-default0-0:3309791:3309791 [0] NCCL INFO AllGather: 1048576 Bytes -> Algo RING proto SIMPLE channel{Lo..Hi}={0..1}
sg-admin-260624-2348f-default0-0:3309791:3309791 [0] NCCL INFO AllGather: 4194304 Bytes -> Algo RING proto SIMPLE channel{Lo..Hi}={0..1}
sg-admin-260624-2348f-default0-0:3309791:3309791 [0] NCCL INFO AllGather: 4194304 Bytes -> Algo RING proto SIMPLE channel{Lo..Hi}={0..1}
sg-admin-260624-2348f-default0-0:3309791:3309791 [0] NCCL INFO AllGather: 4194304 Bytes -> Algo RING proto SIMPLE channel{Lo..Hi}={0..1}
sg-admin-260624-2348f-default0-0:3309791:3309791 [0] NCCL INFO AllReduce: 4 Bytes -> Algo RING proto LL channel{Lo..Hi}={0..0}
sg-admin-260624-2348f-default0-0:3309791:3309791 [0] NCCL INFO AllReduce: 4 Bytes -> Algo RING proto LL channel{Lo..Hi}={0..0}
sg-admin-260624-2348f-default0-0:3309791:3309791 [0] NCCL INFO AllGather: 4194304 Bytes -> Algo RING proto SIMPLE channel{Lo..Hi}={0..1}
sg-admin-260624-2348f-default0-0:3309791:3309791 [0] NCCL INFO AllReduce: 4 Bytes -> Algo RING proto LL channel{Lo..Hi}={0..0}
sg-admin-260624-2348f-default0-0:3309791:3309791 [0] NCCL INFO AllGather: 4194304 Bytes -> Algo RING proto SIMPLE channel{Lo..Hi}={0..1}
sg-admin-260624-2348f-default0-0:3309791:3309791 [0] NCCL INFO AllReduce: 4 Bytes -> Algo RING proto LL channel{Lo..Hi}={0..0}
sg-admin-260624-2348f-default0-0:3309791:3309791 [0] NCCL INFO AllGather: 4194304 Bytes -> Algo RING proto SIMPLE channel{Lo..Hi}={0..1}
sg-admin-260624-2348f-default0-0:3309791:3309791 [0] NCCL INFO AllReduce: 4 Bytes -> Algo RING proto LL channel{Lo..Hi}={0..0}
sg-admin-260624-2348f-default0-0:3309791:3309791 [0] NCCL INFO AllGather: 4194304 Bytes -> Algo RING proto SIMPLE channel{Lo..Hi}={0..1}
sg-admin-260624-2348f-default0-0:3309791:3309791 [0] NCCL INFO AllReduce: 4 Bytes -> Algo RING proto LL channel{Lo..Hi}={0..0}
sg-admin-260624-2348f-default0-0:3309791:3309791 [0] NCCL INFO AllGather: 4194304 Bytes -> Algo RING proto SIMPLE channel{Lo..Hi}={0..1}
sg-admin-260624-2348f-default0-0:3309791:3309791 [0] NCCL INFO AllReduce: 4 Bytes -> Algo RING proto LL channel{Lo..Hi}={0..0}
sg-admin-260624-2348f-default0-0:3309791:3309791 [0] NCCL INFO AllGather: 4194304 Bytes -> Algo RING proto SIMPLE channel{Lo..Hi}={0..1}
sg-admin-260624-2348f-default0-0:3309791:3309791 [0] NCCL INFO AllReduce: 4 Bytes -> Algo RING proto LL channel{Lo..Hi}={0..0}
sg-admin-260624-2348f-default0-0:3309791:3309791 [0] NCCL INFO AllGather: 4194304 Bytes -> Algo RING proto SIMPLE channel{Lo..Hi}={0..1}
sg-admin-260624-2348f-default0-0:3309791:3309791 [0] NCCL INFO AllReduce: 4 Bytes -> Algo RING proto LL channel{Lo..Hi}={0..0}
sg-admin-260624-2348f-default0-0:3309791:3309791 [0] NCCL INFO AllGather: 4194304 Bytes -> Algo RING proto SIMPLE channel{Lo..Hi}={0..1}
sg-admin-260624-2348f-default0-0:3309791:3309791 [0] NCCL INFO AllReduce: 4 Bytes -> Algo RING proto LL channel{Lo..Hi}={0..0}
sg-admin-260624-2348f-default0-0:3309791:3309791 [0] NCCL INFO AllGather: 4194304 Bytes -> Algo RING proto SIMPLE channel{Lo..Hi}={0..1}
sg-admin-260624-2348f-default0-0:3309791:3309791 [0] NCCL INFO AllReduce: 4 Bytes -> Algo RING proto LL channel{Lo..Hi}={0..0}
sg-admin-260624-2348f-default0-0:3309791:3309791 [0] NCCL INFO AllGather: 4194304 Bytes -> Algo RING proto SIMPLE channel{Lo..Hi}={0..1}
sg-admin-260624-2348f-default0-0:3309791:3309791 [0] NCCL INFO AllReduce: 4 Bytes -> Algo RING proto LL channel{Lo..Hi}={0..0}
sg-admin-260624-2348f-default0-0:3309791:3309791 [0] NCCL INFO AllGather: 4194304 Bytes -> Algo RING proto SIMPLE channel{Lo..Hi}={0..1}
sg-admin-260624-2348f-default0-0:3309791:3309791 [0] NCCL INFO AllReduce: 4 Bytes -> Algo RING proto LL channel{Lo..Hi}={0..0}
sg-admin-260624-2348f-default0-0:3309791:3309791 [0] NCCL INFO AllGather: 4194304 Bytes -> Algo RING proto SIMPLE channel{Lo..Hi}={0..1}
sg-admin-260624-2348f-default0-0:3309791:3309791 [0] NCCL INFO AllReduce: 4 Bytes -> Algo RING proto LL channel{Lo..Hi}={0..0}
sg-admin-260624-2348f-default0-0:3309791:3309791 [0] NCCL INFO AllGather: 4194304 Bytes -> Algo RING proto SIMPLE channel{Lo..Hi}={0..1}
sg-admin-260624-2348f-default0-0:3309791:3309791 [0] NCCL INFO AllReduce: 4 Bytes -> Algo RING proto LL channel{Lo..Hi}={0..0}
sg-admin-260624-2348f-default0-0:3309791:3309791 [0] NCCL INFO AllGather: 4194304 Bytes -> Algo RING proto SIMPLE channel{Lo..Hi}={0..1}
sg-admin-260624-2348f-default0-0:3309791:3309791 [0] NCCL INFO AllReduce: 4 Bytes -> Algo RING proto LL channel{Lo..Hi}={0..0}
sg-admin-260624-2348f-default0-0:3309791:3309791 [0] NCCL INFO AllGather: 4194304 Bytes -> Algo RING proto SIMPLE channel{Lo..Hi}={0..1}
sg-admin-260624-2348f-default0-0:3309791:3309791 [0] NCCL INFO AllReduce: 4 Bytes -> Algo RING proto LL channel{Lo..Hi}={0..0}
sg-admin-260624-2348f-default0-0:3309791:3309791 [0] NCCL INFO AllGather: 4194304 Bytes -> Algo RING proto SIMPLE channel{Lo..Hi}={0..1}
sg-admin-260624-2348f-default0-0:3309791:3309791 [0] NCCL INFO AllReduce: 4 Bytes -> Algo RING proto LL channel{Lo..Hi}={0..0}
sg-admin-260624-2348f-default0-0:3309791:3309791 [0] NCCL INFO AllGather: 4194304 Bytes -> Algo RING proto SIMPLE channel{Lo..Hi}={0..1}
sg-admin-260624-2348f-default0-0:3309791:3309791 [0] NCCL INFO AllReduce: 4 Bytes -> Algo RING proto LL channel{Lo..Hi}={0..0}
sg-admin-260624-2348f-default0-0:3309791:3309791 [0] NCCL INFO AllGather: 4194304 Bytes -> Algo RING proto SIMPLE channel{Lo..Hi}={0..1}
sg-admin-260624-2348f-default0-0:3309791:3309791 [0] NCCL INFO AllReduce: 4 Bytes -> Algo RING proto LL channel{Lo..Hi}={0..0}
sg-admin-260624-2348f-default0-0:3309791:3309791 [0] NCCL INFO AllGather: 4194304 Bytes -> Algo RING proto SIMPLE channel{Lo..Hi}={0..1}
sg-admin-260624-2348f-default0-0:3309791:3309791 [0] NCCL INFO AllReduce: 4 Bytes -> Algo RING proto LL channel{Lo..Hi}={0..0}
sg-admin-260624-2348f-default0-0:3309791:3309791 [0] NCCL INFO AllGather: 4194304 Bytes -> Algo RING proto SIMPLE channel{Lo..Hi}={0..1}
sg-admin-260624-2348f-default0-0:3309791:3309791 [0] NCCL INFO AllGather: 16777216 Bytes -> Algo RING proto SIMPLE channel{Lo..Hi}={0..1}
sg-admin-260624-2348f-default0-0:3309791:3309791 [0] NCCL INFO AllGather: 16777216 Bytes -> Algo RING proto SIMPLE channel{Lo..Hi}={0..1}
sg-admin-260624-2348f-default0-0:3309791:3309791 [0] NCCL INFO AllGather: 16777216 Bytes -> Algo RING proto SIMPLE channel{Lo..Hi}={0..1}
sg-admin-260624-2348f-default0-0:3309791:3309791 [0] NCCL INFO AllReduce: 4 Bytes -> Algo RING proto LL channel{Lo..Hi}={0..0}
sg-admin-260624-2348f-default0-0:3309791:3309791 [0] NCCL INFO AllReduce: 4 Bytes -> Algo RING proto LL channel{Lo..Hi}={0..0}
sg-admin-260624-2348f-default0-0:3309791:3309791 [0] NCCL INFO AllGather: 16777216 Bytes -> Algo RING proto SIMPLE channel{Lo..Hi}={0..1}
sg-admin-260624-2348f-default0-0:3309791:3309791 [0] NCCL INFO AllReduce: 4 Bytes -> Algo RING proto LL channel{Lo..Hi}={0..0}
sg-admin-260624-2348f-default0-0:3309791:3309791 [0] NCCL INFO AllGather: 16777216 Bytes -> Algo RING proto SIMPLE channel{Lo..Hi}={0..1}
sg-admin-260624-2348f-default0-0:3309791:3309791 [0] NCCL INFO AllReduce: 4 Bytes -> Algo RING proto LL channel{Lo..Hi}={0..0}
sg-admin-260624-2348f-default0-0:3309791:3309791 [0] NCCL INFO AllGather: 16777216 Bytes -> Algo RING proto SIMPLE channel{Lo..Hi}={0..1}
sg-admin-260624-2348f-default0-0:3309791:3309791 [0] NCCL INFO AllReduce: 4 Bytes -> Algo RING proto LL channel{Lo..Hi}={0..0}
sg-admin-260624-2348f-default0-0:3309791:3309791 [0] NCCL INFO AllGather: 16777216 Bytes -> Algo RING proto SIMPLE channel{Lo..Hi}={0..1}
sg-admin-260624-2348f-default0-0:3309791:3309791 [0] NCCL INFO AllReduce: 4 Bytes -> Algo RING proto LL channel{Lo..Hi}={0..0}
sg-admin-260624-2348f-default0-0:3309791:3309791 [0] NCCL INFO AllGather: 16777216 Bytes -> Algo RING proto SIMPLE channel{Lo..Hi}={0..1}
sg-admin-260624-2348f-default0-0:3309791:3309791 [0] NCCL INFO AllReduce: 4 Bytes -> Algo RING proto LL channel{Lo..Hi}={0..0}
sg-admin-260624-2348f-default0-0:3309791:3309791 [0] NCCL INFO AllGather: 16777216 Bytes -> Algo RING proto SIMPLE channel{Lo..Hi}={0..1}
sg-admin-260624-2348f-default0-0:3309791:3309791 [0] NCCL INFO AllReduce: 4 Bytes -> Algo RING proto LL channel{Lo..Hi}={0..0}
sg-admin-260624-2348f-default0-0:3309791:3309791 [0] NCCL INFO AllGather: 16777216 Bytes -> Algo RING proto SIMPLE channel{Lo..Hi}={0..1}
sg-admin-260624-2348f-default0-0:3309791:3309791 [0] NCCL INFO AllReduce: 4 Bytes -> Algo RING proto LL channel{Lo..Hi}={0..0}
sg-admin-260624-2348f-default0-0:3309791:3309791 [0] NCCL INFO AllGather: 16777216 Bytes -> Algo RING proto SIMPLE channel{Lo..Hi}={0..1}
sg-admin-260624-2348f-default0-0:3309791:3309791 [0] NCCL INFO AllGather: 67108864 Bytes -> Algo RING proto SIMPLE channel{Lo..Hi}={0..1}
sg-admin-260624-2348f-default0-0:3309791:3309791 [0] NCCL INFO AllGather: 67108864 Bytes -> Algo RING proto SIMPLE channel{Lo..Hi}={0..1}
sg-admin-260624-2348f-default0-0:3309791:3309791 [0] NCCL INFO AllGather: 67108864 Bytes -> Algo RING proto SIMPLE channel{Lo..Hi}={0..1}
sg-admin-260624-2348f-default0-0:3309791:3309791 [0] NCCL INFO AllReduce: 4 Bytes -> Algo RING proto LL channel{Lo..Hi}={0..0}
sg-admin-260624-2348f-default0-0:3309791:3309791 [0] NCCL INFO AllReduce: 4 Bytes -> Algo RING proto LL channel{Lo..Hi}={0..0}
sg-admin-260624-2348f-default0-0:3309791:3309791 [0] NCCL INFO AllGather: 67108864 Bytes -> Algo RING proto SIMPLE channel{Lo..Hi}={0..1}
sg-admin-260624-2348f-default0-0:3309791:3309791 [0] NCCL INFO AllReduce: 4 Bytes -> Algo RING proto LL channel{Lo..Hi}={0..0}
sg-admin-260624-2348f-default0-0:3309791:3309791 [0] NCCL INFO AllGather: 67108864 Bytes -> Algo RING proto SIMPLE channel{Lo..Hi}={0..1}
sg-admin-260624-2348f-default0-0:3309791:3309791 [0] NCCL INFO AllReduce: 4 Bytes -> Algo RING proto LL channel{Lo..Hi}={0..0}
sg-admin-260624-2348f-default0-0:3309791:3309791 [0] NCCL INFO AllGather: 67108864 Bytes -> Algo RING proto SIMPLE channel{Lo..Hi}={0..1}
sg-admin-260624-2348f-default0-0:3309791:3309791 [0] NCCL INFO AllReduce: 4 Bytes -> Algo RING proto LL channel{Lo..Hi}={0..0}
sg-admin-260624-2348f-default0-0:3309791:3309791 [0] NCCL INFO AllGather: 67108864 Bytes -> Algo RING proto SIMPLE channel{Lo..Hi}={0..1}
sg-admin-260624-2348f-default0-0:3309791:3309791 [0] NCCL INFO AllReduce: 4 Bytes -> Algo RING proto LL channel{Lo..Hi}={0..0}
sg-admin-260624-2348f-default0-0:3309791:3309791 [0] NCCL INFO AllGather: 67108864 Bytes -> Algo RING proto SIMPLE channel{Lo..Hi}={0..1}
sg-admin-260624-2348f-default0-0:3309791:3309791 [0] NCCL INFO AllReduce: 4 Bytes -> Algo RING proto LL channel{Lo..Hi}={0..0}
sg-admin-260624-2348f-default0-0:3309791:3309791 [0] NCCL INFO AllGather: 67108864 Bytes -> Algo RING proto SIMPLE channel{Lo..Hi}={0..1}
sg-admin-260624-2348f-default0-0:3309791:3309791 [0] NCCL INFO AllReduce: 4 Bytes -> Algo RING proto LL channel{Lo..Hi}={0..0}
sg-admin-260624-2348f-default0-0:3309791:3309791 [0] NCCL INFO AllGather: 67108864 Bytes -> Algo RING proto SIMPLE channel{Lo..Hi}={0..1}
sg-admin-260624-2348f-default0-0:3309791:3309791 [0] NCCL INFO AllReduce: 4 Bytes -> Algo RING proto LL channel{Lo..Hi}={0..0}
sg-admin-260624-2348f-default0-0:3309791:3309791 [0] NCCL INFO AllGather: 67108864 Bytes -> Algo RING proto SIMPLE channel{Lo..Hi}={0..1}
sg-admin-260624-2348f-default0-0:3309791:3309791 [0] NCCL INFO AllGather: 268435456 Bytes -> Algo RING proto SIMPLE channel{Lo..Hi}={0..1}
sg-admin-260624-2348f-default0-0:3309791:3309791 [0] NCCL INFO AllGather: 268435456 Bytes -> Algo RING proto SIMPLE channel{Lo..Hi}={0..1}
sg-admin-260624-2348f-default0-0:3309791:3309791 [0] NCCL INFO AllGather: 268435456 Bytes -> Algo RING proto SIMPLE channel{Lo..Hi}={0..1}
sg-admin-260624-2348f-default0-0:3309791:3309791 [0] NCCL INFO AllReduce: 4 Bytes -> Algo RING proto LL channel{Lo..Hi}={0..0}
sg-admin-260624-2348f-default0-0:3309791:3309791 [0] NCCL INFO AllReduce: 4 Bytes -> Algo RING proto LL channel{Lo..Hi}={0..0}
sg-admin-260624-2348f-default0-0:3309791:3309791 [0] NCCL INFO AllGather: 268435456 Bytes -> Algo RING proto SIMPLE channel{Lo..Hi}={0..1}
sg-admin-260624-2348f-default0-0:3309791:3309791 [0] NCCL INFO AllReduce: 4 Bytes -> Algo RING proto LL channel{Lo..Hi}={0..0}
sg-admin-260624-2348f-default0-0:3309791:3309791 [0] NCCL INFO AllGather: 268435456 Bytes -> Algo RING proto SIMPLE channel{Lo..Hi}={0..1}
sg-admin-260624-2348f-default0-0:3309791:3309791 [0] NCCL INFO AllReduce: 4 Bytes -> Algo RING proto LL channel{Lo..Hi}={0..0}
sg-admin-260624-2348f-default0-0:3309791:3309791 [0] NCCL INFO AllGather: 268435456 Bytes -> Algo RING proto SIMPLE channel{Lo..Hi}={0..1}
sg-admin-260624-2348f-default0-0:3309791:3309791 [0] NCCL INFO AllReduce: 4 Bytes -> Algo RING proto LL channel{Lo..Hi}={0..0}
sg-admin-260624-2348f-default0-0:3309791:3309791 [0] NCCL INFO AllGather: 268435456 Bytes -> Algo RING proto SIMPLE channel{Lo..Hi}={0..1}
sg-admin-260624-2348f-default0-0:3309791:3309791 [0] NCCL INFO AllReduce: 4 Bytes -> Algo RING proto LL channel{Lo..Hi}={0..0}
sg-admin-260624-2348f-default0-0:3309791:3309791 [0] NCCL INFO AllGather: 268435456 Bytes -> Algo RING proto SIMPLE channel{Lo..Hi}={0..1}
sg-admin-260624-2348f-default0-0:3309791:3309791 [0] NCCL INFO AllReduce: 4 Bytes -> Algo RING proto LL channel{Lo..Hi}={0..0}
sg-admin-260624-2348f-default0-0:3309791:3309791 [0] NCCL INFO AllGather: 268435456 Bytes -> Algo RING proto SIMPLE channel{Lo..Hi}={0..1}
sg-admin-260624-2348f-default0-0:3309791:3309791 [0] NCCL INFO AllReduce: 4 Bytes -> Algo RING proto LL channel{Lo..Hi}={0..0}
sg-admin-260624-2348f-default0-0:3309791:3309791 [0] NCCL INFO AllGather: 268435456 Bytes -> Algo RING proto SIMPLE channel{Lo..Hi}={0..1}
sg-admin-260624-2348f-default0-0:3309791:3309791 [0] NCCL INFO AllReduce: 4 Bytes -> Algo RING proto LL channel{Lo..Hi}={0..0}
sg-admin-260624-2348f-default0-0:3309791:3309791 [0] NCCL INFO AllGather: 268435456 Bytes -> Algo RING proto SIMPLE channel{Lo..Hi}={0..1}
sg-admin-260624-2348f-default0-0:3309791:3309791 [0] NCCL INFO AllReduce: 4 Bytes -> Algo RING proto LL channel{Lo..Hi}={0..0}
sg-admin-260624-2348f-default0-0:3309791:3309791 [0] NCCL INFO ReduceScatter: 4096 Bytes -> Algo RING proto SIMPLE channel{Lo..Hi}={0..0}
sg-admin-260624-2348f-default0-0:3309791:3309791 [0] NCCL INFO ReduceScatter: 4096 Bytes -> Algo RING proto SIMPLE channel{Lo..Hi}={0..0}
sg-admin-260624-2348f-default0-0:3309791:3309791 [0] NCCL INFO ReduceScatter: 4096 Bytes -> Algo RING proto SIMPLE channel{Lo..Hi}={0..0}
sg-admin-260624-2348f-default0-0:3309791:3309791 [0] NCCL INFO AllReduce: 4 Bytes -> Algo RING proto LL channel{Lo..Hi}={0..0}
sg-admin-260624-2348f-default0-0:3309791:3309791 [0] NCCL INFO AllReduce: 4 Bytes -> Algo RING proto LL channel{Lo..Hi}={0..0}
sg-admin-260624-2348f-default0-0:3309791:3309791 [0] NCCL INFO ReduceScatter: 4096 Bytes -> Algo RING proto SIMPLE channel{Lo..Hi}={0..0}
sg-admin-260624-2348f-default0-0:3309791:3309791 [0] NCCL INFO AllReduce: 4 Bytes -> Algo RING proto LL channel{Lo..Hi}={0..0}
sg-admin-260624-2348f-default0-0:3309791:3309791 [0] NCCL INFO ReduceScatter: 4096 Bytes -> Algo RING proto SIMPLE channel{Lo..Hi}={0..0}
sg-admin-260624-2348f-default0-0:3309791:3309791 [0] NCCL INFO AllReduce: 4 Bytes -> Algo RING proto LL channel{Lo..Hi}={0..0}
sg-admin-260624-2348f-default0-0:3309791:3309791 [0] NCCL INFO ReduceScatter: 4096 Bytes -> Algo RING proto SIMPLE channel{Lo..Hi}={0..0}
sg-admin-260624-2348f-default0-0:3309791:3309791 [0] NCCL INFO AllReduce: 4 Bytes -> Algo RING proto LL channel{Lo..Hi}={0..0}
sg-admin-260624-2348f-default0-0:3309791:3309791 [0] NCCL INFO ReduceScatter: 4096 Bytes -> Algo RING proto SIMPLE channel{Lo..Hi}={0..0}
sg-admin-260624-2348f-default0-0:3309791:3309791 [0] NCCL INFO AllReduce: 4 Bytes -> Algo RING proto LL channel{Lo..Hi}={0..0}
sg-admin-260624-2348f-default0-0:3309791:3309791 [0] NCCL INFO ReduceScatter: 4096 Bytes -> Algo RING proto SIMPLE channel{Lo..Hi}={0..0}
sg-admin-260624-2348f-default0-0:3309791:3309791 [0] NCCL INFO AllReduce: 4 Bytes -> Algo RING proto LL channel{Lo..Hi}={0..0}
sg-admin-260624-2348f-default0-0:3309791:3309791 [0] NCCL INFO ReduceScatter: 4096 Bytes -> Algo RING proto SIMPLE channel{Lo..Hi}={0..0}
sg-admin-260624-2348f-default0-0:3309791:3309791 [0] NCCL INFO AllReduce: 4 Bytes -> Algo RING proto LL channel{Lo..Hi}={0..0}
sg-admin-260624-2348f-default0-0:3309791:3309791 [0] NCCL INFO ReduceScatter: 4096 Bytes -> Algo RING proto SIMPLE channel{Lo..Hi}={0..0}
sg-admin-260624-2348f-default0-0:3309791:3309791 [0] NCCL INFO AllReduce: 4 Bytes -> Algo RING proto LL channel{Lo..Hi}={0..0}
sg-admin-260624-2348f-default0-0:3309791:3309791 [0] NCCL INFO ReduceScatter: 4096 Bytes -> Algo RING proto SIMPLE channel{Lo..Hi}={0..0}
sg-admin-260624-2348f-default0-0:3309791:3309791 [0] NCCL INFO AllReduce: 4 Bytes -> Algo RING proto LL channel{Lo..Hi}={0..0}
sg-admin-260624-2348f-default0-0:3309791:3309791 [0] NCCL INFO ReduceScatter: 4096 Bytes -> Algo RING proto SIMPLE channel{Lo..Hi}={0..0}
sg-admin-260624-2348f-default0-0:3309791:3309791 [0] NCCL INFO AllReduce: 4 Bytes -> Algo RING proto LL channel{Lo..Hi}={0..0}
sg-admin-260624-2348f-default0-0:3309791:3309791 [0] NCCL INFO ReduceScatter: 4096 Bytes -> Algo RING proto SIMPLE channel{Lo..Hi}={0..0}
sg-admin-260624-2348f-default0-0:3309791:3309791 [0] NCCL INFO AllReduce: 4 Bytes -> Algo RING proto LL channel{Lo..Hi}={0..0}
sg-admin-260624-2348f-default0-0:3309791:3309791 [0] NCCL INFO ReduceScatter: 4096 Bytes -> Algo RING proto SIMPLE channel{Lo..Hi}={0..0}
sg-admin-260624-2348f-default0-0:3309791:3309791 [0] NCCL INFO AllReduce: 4 Bytes -> Algo RING proto LL channel{Lo..Hi}={0..0}
sg-admin-260624-2348f-default0-0:3309791:3309791 [0] NCCL INFO ReduceScatter: 4096 Bytes -> Algo RING proto SIMPLE channel{Lo..Hi}={0..0}
sg-admin-260624-2348f-default0-0:3309791:3309791 [0] NCCL INFO AllReduce: 4 Bytes -> Algo RING proto LL channel{Lo..Hi}={0..0}
sg-admin-260624-2348f-default0-0:3309791:3309791 [0] NCCL INFO ReduceScatter: 4096 Bytes -> Algo RING proto SIMPLE channel{Lo..Hi}={0..0}
sg-admin-260624-2348f-default0-0:3309791:3309791 [0] NCCL INFO AllReduce: 4 Bytes -> Algo RING proto LL channel{Lo..Hi}={0..0}
sg-admin-260624-2348f-default0-0:3309791:3309791 [0] NCCL INFO ReduceScatter: 4096 Bytes -> Algo RING proto SIMPLE channel{Lo..Hi}={0..0}
sg-admin-260624-2348f-default0-0:3309791:3309791 [0] NCCL INFO AllReduce: 4 Bytes -> Algo RING proto LL channel{Lo..Hi}={0..0}
sg-admin-260624-2348f-default0-0:3309791:3309791 [0] NCCL INFO ReduceScatter: 4096 Bytes -> Algo RING proto SIMPLE channel{Lo..Hi}={0..0}
sg-admin-260624-2348f-default0-0:3309791:3309791 [0] NCCL INFO AllReduce: 4 Bytes -> Algo RING proto LL channel{Lo..Hi}={0..0}
sg-admin-260624-2348f-default0-0:3309791:3309791 [0] NCCL INFO ReduceScatter: 4096 Bytes -> Algo RING proto SIMPLE channel{Lo..Hi}={0..0}
sg-admin-260624-2348f-default0-0:3309791:3309791 [0] NCCL INFO AllReduce: 4 Bytes -> Algo RING proto LL channel{Lo..Hi}={0..0}
sg-admin-260624-2348f-default0-0:3309791:3309791 [0] NCCL INFO ReduceScatter: 4096 Bytes -> Algo RING proto SIMPLE channel{Lo..Hi}={0..0}
sg-admin-260624-2348f-default0-0:3309791:3309791 [0] NCCL INFO AllReduce: 4 Bytes -> Algo RING proto LL channel{Lo..Hi}={0..0}
sg-admin-260624-2348f-default0-0:3309791:3309791 [0] NCCL INFO ReduceScatter: 4096 Bytes -> Algo RING proto SIMPLE channel{Lo..Hi}={0..0}
sg-admin-260624-2348f-default0-0:3309791:3309791 [0] NCCL INFO AllReduce: 4 Bytes -> Algo RING proto LL channel{Lo..Hi}={0..0}
sg-admin-260624-2348f-default0-0:3309791:3309791 [0] NCCL INFO ReduceScatter: 4096 Bytes -> Algo RING proto SIMPLE channel{Lo..Hi}={0..0}
sg-admin-260624-2348f-default0-0:3309791:3309791 [0] NCCL INFO AllReduce: 4 Bytes -> Algo RING proto LL channel{Lo..Hi}={0..0}
sg-admin-260624-2348f-default0-0:3309791:3309791 [0] NCCL INFO ReduceScatter: 4096 Bytes -> Algo RING proto SIMPLE channel{Lo..Hi}={0..0}
sg-admin-260624-2348f-default0-0:3309791:3309791 [0] NCCL INFO ReduceScatter: 65536 Bytes -> Algo RING proto SIMPLE channel{Lo..Hi}={0..1}
sg-admin-260624-2348f-default0-0:3309791:3309791 [0] NCCL INFO ReduceScatter: 65536 Bytes -> Algo RING proto SIMPLE channel{Lo..Hi}={0..1}
sg-admin-260624-2348f-default0-0:3309791:3309791 [0] NCCL INFO ReduceScatter: 65536 Bytes -> Algo RING proto SIMPLE channel{Lo..Hi}={0..1}
sg-admin-260624-2348f-default0-0:3309791:3309791 [0] NCCL INFO AllReduce: 4 Bytes -> Algo RING proto LL channel{Lo..Hi}={0..0}
sg-admin-260624-2348f-default0-0:3309791:3309791 [0] NCCL INFO AllReduce: 4 Bytes -> Algo RING proto LL channel{Lo..Hi}={0..0}
sg-admin-260624-2348f-default0-0:3309791:3309791 [0] NCCL INFO ReduceScatter: 65536 Bytes -> Algo RING proto SIMPLE channel{Lo..Hi}={0..1}
sg-admin-260624-2348f-default0-0:3309791:3309791 [0] NCCL INFO AllReduce: 4 Bytes -> Algo RING proto LL channel{Lo..Hi}={0..0}
sg-admin-260624-2348f-default0-0:3309791:3309791 [0] NCCL INFO ReduceScatter: 65536 Bytes -> Algo RING proto SIMPLE channel{Lo..Hi}={0..1}
sg-admin-260624-2348f-default0-0:3309791:3309791 [0] NCCL INFO AllReduce: 4 Bytes -> Algo RING proto LL channel{Lo..Hi}={0..0}
sg-admin-260624-2348f-default0-0:3309791:3309791 [0] NCCL INFO ReduceScatter: 65536 Bytes -> Algo RING proto SIMPLE channel{Lo..Hi}={0..1}
sg-admin-260624-2348f-default0-0:3309791:3309791 [0] NCCL INFO AllReduce: 4 Bytes -> Algo RING proto LL channel{Lo..Hi}={0..0}
sg-admin-260624-2348f-default0-0:3309791:3309791 [0] NCCL INFO ReduceScatter: 65536 Bytes -> Algo RING proto SIMPLE channel{Lo..Hi}={0..1}
sg-admin-260624-2348f-default0-0:3309791:3309791 [0] NCCL INFO AllReduce: 4 Bytes -> Algo RING proto LL channel{Lo..Hi}={0..0}
sg-admin-260624-2348f-default0-0:3309791:3309791 [0] NCCL INFO ReduceScatter: 65536 Bytes -> Algo RING proto SIMPLE channel{Lo..Hi}={0..1}
sg-admin-260624-2348f-default0-0:3309791:3309791 [0] NCCL INFO AllReduce: 4 Bytes -> Algo RING proto LL channel{Lo..Hi}={0..0}
sg-admin-260624-2348f-default0-0:3309791:3309791 [0] NCCL INFO ReduceScatter: 65536 Bytes -> Algo RING proto SIMPLE channel{Lo..Hi}={0..1}
sg-admin-260624-2348f-default0-0:3309791:3309791 [0] NCCL INFO AllReduce: 4 Bytes -> Algo RING proto LL channel{Lo..Hi}={0..0}
sg-admin-260624-2348f-default0-0:3309791:3309791 [0] NCCL INFO ReduceScatter: 65536 Bytes -> Algo RING proto SIMPLE channel{Lo..Hi}={0..1}
sg-admin-260624-2348f-default0-0:3309791:3309791 [0] NCCL INFO AllReduce: 4 Bytes -> Algo RING proto LL channel{Lo..Hi}={0..0}
sg-admin-260624-2348f-default0-0:3309791:3309791 [0] NCCL INFO ReduceScatter: 65536 Bytes -> Algo RING proto SIMPLE channel{Lo..Hi}={0..1}
sg-admin-260624-2348f-default0-0:3309791:3309791 [0] NCCL INFO AllReduce: 4 Bytes -> Algo RING proto LL channel{Lo..Hi}={0..0}
sg-admin-260624-2348f-default0-0:3309791:3309791 [0] NCCL INFO ReduceScatter: 65536 Bytes -> Algo RING proto SIMPLE channel{Lo..Hi}={0..1}
sg-admin-260624-2348f-default0-0:3309791:3309791 [0] NCCL INFO AllReduce: 4 Bytes -> Algo RING proto LL channel{Lo..Hi}={0..0}
sg-admin-260624-2348f-default0-0:3309791:3309791 [0] NCCL INFO ReduceScatter: 65536 Bytes -> Algo RING proto SIMPLE channel{Lo..Hi}={0..1}
sg-admin-260624-2348f-default0-0:3309791:3309791 [0] NCCL INFO AllReduce: 4 Bytes -> Algo RING proto LL channel{Lo..Hi}={0..0}
sg-admin-260624-2348f-default0-0:3309791:3309791 [0] NCCL INFO ReduceScatter: 65536 Bytes -> Algo RING proto SIMPLE channel{Lo..Hi}={0..1}
sg-admin-260624-2348f-default0-0:3309791:3309791 [0] NCCL INFO AllReduce: 4 Bytes -> Algo RING proto LL channel{Lo..Hi}={0..0}
sg-admin-260624-2348f-default0-0:3309791:3309791 [0] NCCL INFO ReduceScatter: 65536 Bytes -> Algo RING proto SIMPLE channel{Lo..Hi}={0..1}
sg-admin-260624-2348f-default0-0:3309791:3309791 [0] NCCL INFO AllReduce: 4 Bytes -> Algo RING proto LL channel{Lo..Hi}={0..0}
sg-admin-260624-2348f-default0-0:3309791:3309791 [0] NCCL INFO ReduceScatter: 65536 Bytes -> Algo RING proto SIMPLE channel{Lo..Hi}={0..1}
sg-admin-260624-2348f-default0-0:3309791:3309791 [0] NCCL INFO AllReduce: 4 Bytes -> Algo RING proto LL channel{Lo..Hi}={0..0}
sg-admin-260624-2348f-default0-0:3309791:3309791 [0] NCCL INFO ReduceScatter: 65536 Bytes -> Algo RING proto SIMPLE channel{Lo..Hi}={0..1}
sg-admin-260624-2348f-default0-0:3309791:3309791 [0] NCCL INFO AllReduce: 4 Bytes -> Algo RING proto LL channel{Lo..Hi}={0..0}
sg-admin-260624-2348f-default0-0:3309791:3309791 [0] NCCL INFO ReduceScatter: 65536 Bytes -> Algo RING proto SIMPLE channel{Lo..Hi}={0..1}
sg-admin-260624-2348f-default0-0:3309791:3309791 [0] NCCL INFO AllReduce: 4 Bytes -> Algo RING proto LL channel{Lo..Hi}={0..0}
sg-admin-260624-2348f-default0-0:3309791:3309791 [0] NCCL INFO ReduceScatter: 65536 Bytes -> Algo RING proto SIMPLE channel{Lo..Hi}={0..1}
sg-admin-260624-2348f-default0-0:3309791:3309791 [0] NCCL INFO AllReduce: 4 Bytes -> Algo RING proto LL channel{Lo..Hi}={0..0}
sg-admin-260624-2348f-default0-0:3309791:3309791 [0] NCCL INFO ReduceScatter: 65536 Bytes -> Algo RING proto SIMPLE channel{Lo..Hi}={0..1}
sg-admin-260624-2348f-default0-0:3309791:3309791 [0] NCCL INFO AllReduce: 4 Bytes -> Algo RING proto LL channel{Lo..Hi}={0..0}
sg-admin-260624-2348f-default0-0:3309791:3309791 [0] NCCL INFO ReduceScatter: 65536 Bytes -> Algo RING proto SIMPLE channel{Lo..Hi}={0..1}
sg-admin-260624-2348f-default0-0:3309791:3309791 [0] NCCL INFO AllReduce: 4 Bytes -> Algo RING proto LL channel{Lo..Hi}={0..0}
sg-admin-260624-2348f-default0-0:3309791:3309791 [0] NCCL INFO ReduceScatter: 65536 Bytes -> Algo RING proto SIMPLE channel{Lo..Hi}={0..1}
sg-admin-260624-2348f-default0-0:3309791:3309791 [0] NCCL INFO AllReduce: 4 Bytes -> Algo RING proto LL channel{Lo..Hi}={0..0}
sg-admin-260624-2348f-default0-0:3309791:3309791 [0] NCCL INFO ReduceScatter: 65536 Bytes -> Algo RING proto SIMPLE channel{Lo..Hi}={0..1}
sg-admin-260624-2348f-default0-0:3309791:3309791 [0] NCCL INFO ReduceScatter: 1048576 Bytes -> Algo RING proto SIMPLE channel{Lo..Hi}={0..1}
sg-admin-260624-2348f-default0-0:3309791:3309791 [0] NCCL INFO ReduceScatter: 1048576 Bytes -> Algo RING proto SIMPLE channel{Lo..Hi}={0..1}
sg-admin-260624-2348f-default0-0:3309791:3309791 [0] NCCL INFO ReduceScatter: 1048576 Bytes -> Algo RING proto SIMPLE channel{Lo..Hi}={0..1}
sg-admin-260624-2348f-default0-0:3309791:3309791 [0] NCCL INFO AllReduce: 4 Bytes -> Algo RING proto LL channel{Lo..Hi}={0..0}
sg-admin-260624-2348f-default0-0:3309791:3309791 [0] NCCL INFO AllReduce: 4 Bytes -> Algo RING proto LL channel{Lo..Hi}={0..0}
sg-admin-260624-2348f-default0-0:3309791:3309791 [0] NCCL INFO ReduceScatter: 1048576 Bytes -> Algo RING proto SIMPLE channel{Lo..Hi}={0..1}
sg-admin-260624-2348f-default0-0:3309791:3309791 [0] NCCL INFO AllReduce: 4 Bytes -> Algo RING proto LL channel{Lo..Hi}={0..0}
sg-admin-260624-2348f-default0-0:3309791:3309791 [0] NCCL INFO ReduceScatter: 1048576 Bytes -> Algo RING proto SIMPLE channel{Lo..Hi}={0..1}
sg-admin-260624-2348f-default0-0:3309791:3309791 [0] NCCL INFO AllReduce: 4 Bytes -> Algo RING proto LL channel{Lo..Hi}={0..0}
sg-admin-260624-2348f-default0-0:3309791:3309791 [0] NCCL INFO ReduceScatter: 1048576 Bytes -> Algo RING proto SIMPLE channel{Lo..Hi}={0..1}
sg-admin-260624-2348f-default0-0:3309791:3309791 [0] NCCL INFO AllReduce: 4 Bytes -> Algo RING proto LL channel{Lo..Hi}={0..0}
sg-admin-260624-2348f-default0-0:3309791:3309791 [0] NCCL INFO ReduceScatter: 1048576 Bytes -> Algo RING proto SIMPLE channel{Lo..Hi}={0..1}
sg-admin-260624-2348f-default0-0:3309791:3309791 [0] NCCL INFO AllReduce: 4 Bytes -> Algo RING proto LL channel{Lo..Hi}={0..0}
sg-admin-260624-2348f-default0-0:3309791:3309791 [0] NCCL INFO ReduceScatter: 1048576 Bytes -> Algo RING proto SIMPLE channel{Lo..Hi}={0..1}
sg-admin-260624-2348f-default0-0:3309791:3309791 [0] NCCL INFO AllReduce: 4 Bytes -> Algo RING proto LL channel{Lo..Hi}={0..0}
sg-admin-260624-2348f-default0-0:3309791:3309791 [0] NCCL INFO ReduceScatter: 1048576 Bytes -> Algo RING proto SIMPLE channel{Lo..Hi}={0..1}
sg-admin-260624-2348f-default0-0:3309791:3309791 [0] NCCL INFO AllReduce: 4 Bytes -> Algo RING proto LL channel{Lo..Hi}={0..0}
sg-admin-260624-2348f-default0-0:3309791:3309791 [0] NCCL INFO ReduceScatter: 1048576 Bytes -> Algo RING proto SIMPLE channel{Lo..Hi}={0..1}
sg-admin-260624-2348f-default0-0:3309791:3309791 [0] NCCL INFO AllReduce: 4 Bytes -> Algo RING proto LL channel{Lo..Hi}={0..0}
sg-admin-260624-2348f-default0-0:3309791:3309791 [0] NCCL INFO ReduceScatter: 1048576 Bytes -> Algo RING proto SIMPLE channel{Lo..Hi}={0..1}
sg-admin-260624-2348f-default0-0:3309791:3309791 [0] NCCL INFO AllReduce: 4 Bytes -> Algo RING proto LL channel{Lo..Hi}={0..0}
sg-admin-260624-2348f-default0-0:3309791:3309791 [0] NCCL INFO ReduceScatter: 1048576 Bytes -> Algo RING proto SIMPLE channel{Lo..Hi}={0..1}
sg-admin-260624-2348f-default0-0:3309791:3309791 [0] NCCL INFO AllReduce: 4 Bytes -> Algo RING proto LL channel{Lo..Hi}={0..0}
sg-admin-260624-2348f-default0-0:3309791:3309791 [0] NCCL INFO ReduceScatter: 1048576 Bytes -> Algo RING proto SIMPLE channel{Lo..Hi}={0..1}
sg-admin-260624-2348f-default0-0:3309791:3309791 [0] NCCL INFO AllReduce: 4 Bytes -> Algo RING proto LL channel{Lo..Hi}={0..0}
sg-admin-260624-2348f-default0-0:3309791:3309791 [0] NCCL INFO ReduceScatter: 1048576 Bytes -> Algo RING proto SIMPLE channel{Lo..Hi}={0..1}
sg-admin-260624-2348f-default0-0:3309791:3309791 [0] NCCL INFO AllReduce: 4 Bytes -> Algo RING proto LL channel{Lo..Hi}={0..0}
sg-admin-260624-2348f-default0-0:3309791:3309791 [0] NCCL INFO ReduceScatter: 1048576 Bytes -> Algo RING proto SIMPLE channel{Lo..Hi}={0..1}
sg-admin-260624-2348f-default0-0:3309791:3309791 [0] NCCL INFO AllReduce: 4 Bytes -> Algo RING proto LL channel{Lo..Hi}={0..0}
sg-admin-260624-2348f-default0-0:3309791:3309791 [0] NCCL INFO ReduceScatter: 1048576 Bytes -> Algo RING proto SIMPLE channel{Lo..Hi}={0..1}
sg-admin-260624-2348f-default0-0:3309791:3309791 [0] NCCL INFO AllReduce: 4 Bytes -> Algo RING proto LL channel{Lo..Hi}={0..0}
sg-admin-260624-2348f-default0-0:3309791:3309791 [0] NCCL INFO ReduceScatter: 1048576 Bytes -> Algo RING proto SIMPLE channel{Lo..Hi}={0..1}
sg-admin-260624-2348f-default0-0:3309791:3309791 [0] NCCL INFO AllReduce: 4 Bytes -> Algo RING proto LL channel{Lo..Hi}={0..0}
sg-admin-260624-2348f-default0-0:3309791:3309791 [0] NCCL INFO ReduceScatter: 1048576 Bytes -> Algo RING proto SIMPLE channel{Lo..Hi}={0..1}
sg-admin-260624-2348f-default0-0:3309791:3309791 [0] NCCL INFO AllReduce: 4 Bytes -> Algo RING proto LL channel{Lo..Hi}={0..0}
sg-admin-260624-2348f-default0-0:3309791:3309791 [0] NCCL INFO ReduceScatter: 1048576 Bytes -> Algo RING proto SIMPLE channel{Lo..Hi}={0..1}
sg-admin-260624-2348f-default0-0:3309791:3309791 [0] NCCL INFO AllReduce: 4 Bytes -> Algo RING proto LL channel{Lo..Hi}={0..0}
sg-admin-260624-2348f-default0-0:3309791:3309791 [0] NCCL INFO ReduceScatter: 1048576 Bytes -> Algo RING proto SIMPLE channel{Lo..Hi}={0..1}
sg-admin-260624-2348f-default0-0:3309791:3309791 [0] NCCL INFO AllReduce: 4 Bytes -> Algo RING proto LL channel{Lo..Hi}={0..0}
sg-admin-260624-2348f-default0-0:3309791:3309791 [0] NCCL INFO ReduceScatter: 1048576 Bytes -> Algo RING proto SIMPLE channel{Lo..Hi}={0..1}
sg-admin-260624-2348f-default0-0:3309791:3309791 [0] NCCL INFO AllReduce: 4 Bytes -> Algo RING proto LL channel{Lo..Hi}={0..0}
sg-admin-260624-2348f-default0-0:3309791:3309791 [0] NCCL INFO ReduceScatter: 1048576 Bytes -> Algo RING proto SIMPLE channel{Lo..Hi}={0..1}
sg-admin-260624-2348f-default0-0:3309791:3309791 [0] NCCL INFO AllReduce: 4 Bytes -> Algo RING proto LL channel{Lo..Hi}={0..0}
sg-admin-260624-2348f-default0-0:3309791:3309791 [0] NCCL INFO ReduceScatter: 1048576 Bytes -> Algo RING proto SIMPLE channel{Lo..Hi}={0..1}
sg-admin-260624-2348f-default0-0:3309791:3309791 [0] NCCL INFO ReduceScatter: 4194304 Bytes -> Algo RING proto SIMPLE channel{Lo..Hi}={0..1}
sg-admin-260624-2348f-default0-0:3309791:3309791 [0] NCCL INFO ReduceScatter: 4194304 Bytes -> Algo RING proto SIMPLE channel{Lo..Hi}={0..1}
sg-admin-260624-2348f-default0-0:3309791:3309791 [0] NCCL INFO ReduceScatter: 4194304 Bytes -> Algo RING proto SIMPLE channel{Lo..Hi}={0..1}
sg-admin-260624-2348f-default0-0:3309791:3309791 [0] NCCL INFO AllReduce: 4 Bytes -> Algo RING proto LL channel{Lo..Hi}={0..0}
sg-admin-260624-2348f-default0-0:3309791:3309791 [0] NCCL INFO AllReduce: 4 Bytes -> Algo RING proto LL channel{Lo..Hi}={0..0}
sg-admin-260624-2348f-default0-0:3309791:3309791 [0] NCCL INFO ReduceScatter: 4194304 Bytes -> Algo RING proto SIMPLE channel{Lo..Hi}={0..1}
sg-admin-260624-2348f-default0-0:3309791:3309791 [0] NCCL INFO AllReduce: 4 Bytes -> Algo RING proto LL channel{Lo..Hi}={0..0}
sg-admin-260624-2348f-default0-0:3309791:3309791 [0] NCCL INFO ReduceScatter: 4194304 Bytes -> Algo RING proto SIMPLE channel{Lo..Hi}={0..1}
sg-admin-260624-2348f-default0-0:3309791:3309791 [0] NCCL INFO AllReduce: 4 Bytes -> Algo RING proto LL channel{Lo..Hi}={0..0}
sg-admin-260624-2348f-default0-0:3309791:3309791 [0] NCCL INFO ReduceScatter: 4194304 Bytes -> Algo RING proto SIMPLE channel{Lo..Hi}={0..1}
sg-admin-260624-2348f-default0-0:3309791:3309791 [0] NCCL INFO AllReduce: 4 Bytes -> Algo RING proto LL channel{Lo..Hi}={0..0}
sg-admin-260624-2348f-default0-0:3309791:3309791 [0] NCCL INFO ReduceScatter: 4194304 Bytes -> Algo RING proto SIMPLE channel{Lo..Hi}={0..1}
sg-admin-260624-2348f-default0-0:3309791:3309791 [0] NCCL INFO AllReduce: 4 Bytes -> Algo RING proto LL channel{Lo..Hi}={0..0}
sg-admin-260624-2348f-default0-0:3309791:3309791 [0] NCCL INFO ReduceScatter: 4194304 Bytes -> Algo RING proto SIMPLE channel{Lo..Hi}={0..1}
sg-admin-260624-2348f-default0-0:3309791:3309791 [0] NCCL INFO AllReduce: 4 Bytes -> Algo RING proto LL channel{Lo..Hi}={0..0}
sg-admin-260624-2348f-default0-0:3309791:3309791 [0] NCCL INFO ReduceScatter: 4194304 Bytes -> Algo RING proto SIMPLE channel{Lo..Hi}={0..1}
sg-admin-260624-2348f-default0-0:3309791:3309791 [0] NCCL INFO AllReduce: 4 Bytes -> Algo RING proto LL channel{Lo..Hi}={0..0}
sg-admin-260624-2348f-default0-0:3309791:3309791 [0] NCCL INFO ReduceScatter: 4194304 Bytes -> Algo RING proto SIMPLE channel{Lo..Hi}={0..1}
sg-admin-260624-2348f-default0-0:3309791:3309791 [0] NCCL INFO AllReduce: 4 Bytes -> Algo RING proto LL channel{Lo..Hi}={0..0}
sg-admin-260624-2348f-default0-0:3309791:3309791 [0] NCCL INFO ReduceScatter: 4194304 Bytes -> Algo RING proto SIMPLE channel{Lo..Hi}={0..1}
sg-admin-260624-2348f-default0-0:3309791:3309791 [0] NCCL INFO AllReduce: 4 Bytes -> Algo RING proto LL channel{Lo..Hi}={0..0}
sg-admin-260624-2348f-default0-0:3309791:3309791 [0] NCCL INFO ReduceScatter: 4194304 Bytes -> Algo RING proto SIMPLE channel{Lo..Hi}={0..1}
sg-admin-260624-2348f-default0-0:3309791:3309791 [0] NCCL INFO AllReduce: 4 Bytes -> Algo RING proto LL channel{Lo..Hi}={0..0}
sg-admin-260624-2348f-default0-0:3309791:3309791 [0] NCCL INFO ReduceScatter: 4194304 Bytes -> Algo RING proto SIMPLE channel{Lo..Hi}={0..1}
sg-admin-260624-2348f-default0-0:3309791:3309791 [0] NCCL INFO AllReduce: 4 Bytes -> Algo RING proto LL channel{Lo..Hi}={0..0}
sg-admin-260624-2348f-default0-0:3309791:3309791 [0] NCCL INFO ReduceScatter: 4194304 Bytes -> Algo RING proto SIMPLE channel{Lo..Hi}={0..1}
sg-admin-260624-2348f-default0-0:3309791:3309791 [0] NCCL INFO AllReduce: 4 Bytes -> Algo RING proto LL channel{Lo..Hi}={0..0}
sg-admin-260624-2348f-default0-0:3309791:3309791 [0] NCCL INFO ReduceScatter: 4194304 Bytes -> Algo RING proto SIMPLE channel{Lo..Hi}={0..1}
sg-admin-260624-2348f-default0-0:3309791:3309791 [0] NCCL INFO AllReduce: 4 Bytes -> Algo RING proto LL channel{Lo..Hi}={0..0}
sg-admin-260624-2348f-default0-0:3309791:3309791 [0] NCCL INFO ReduceScatter: 4194304 Bytes -> Algo RING proto SIMPLE channel{Lo..Hi}={0..1}
sg-admin-260624-2348f-default0-0:3309791:3309791 [0] NCCL INFO AllReduce: 4 Bytes -> Algo RING proto LL channel{Lo..Hi}={0..0}
sg-admin-260624-2348f-default0-0:3309791:3309791 [0] NCCL INFO ReduceScatter: 4194304 Bytes -> Algo RING proto SIMPLE channel{Lo..Hi}={0..1}
sg-admin-260624-2348f-default0-0:3309791:3309791 [0] NCCL INFO AllReduce: 4 Bytes -> Algo RING proto LL channel{Lo..Hi}={0..0}
sg-admin-260624-2348f-default0-0:3309791:3309791 [0] NCCL INFO ReduceScatter: 4194304 Bytes -> Algo RING proto SIMPLE channel{Lo..Hi}={0..1}
sg-admin-260624-2348f-default0-0:3309791:3309791 [0] NCCL INFO AllReduce: 4 Bytes -> Algo RING proto LL channel{Lo..Hi}={0..0}
sg-admin-260624-2348f-default0-0:3309791:3309791 [0] NCCL INFO ReduceScatter: 4194304 Bytes -> Algo RING proto SIMPLE channel{Lo..Hi}={0..1}
sg-admin-260624-2348f-default0-0:3309791:3309791 [0] NCCL INFO AllReduce: 4 Bytes -> Algo RING proto LL channel{Lo..Hi}={0..0}
sg-admin-260624-2348f-default0-0:3309791:3309791 [0] NCCL INFO ReduceScatter: 4194304 Bytes -> Algo RING proto SIMPLE channel{Lo..Hi}={0..1}
sg-admin-260624-2348f-default0-0:3309791:3309791 [0] NCCL INFO AllReduce: 4 Bytes -> Algo RING proto LL channel{Lo..Hi}={0..0}
sg-admin-260624-2348f-default0-0:3309791:3309791 [0] NCCL INFO ReduceScatter: 4194304 Bytes -> Algo RING proto SIMPLE channel{Lo..Hi}={0..1}
sg-admin-260624-2348f-default0-0:3309791:3309791 [0] NCCL INFO AllReduce: 4 Bytes -> Algo RING proto LL channel{Lo..Hi}={0..0}
sg-admin-260624-2348f-default0-0:3309791:3309791 [0] NCCL INFO ReduceScatter: 4194304 Bytes -> Algo RING proto SIMPLE channel{Lo..Hi}={0..1}
sg-admin-260624-2348f-default0-0:3309791:3309791 [0] NCCL INFO AllReduce: 4 Bytes -> Algo RING proto LL channel{Lo..Hi}={0..0}
sg-admin-260624-2348f-default0-0:3309791:3309791 [0] NCCL INFO ReduceScatter: 4194304 Bytes -> Algo RING proto SIMPLE channel{Lo..Hi}={0..1}
sg-admin-260624-2348f-default0-0:3309791:3309791 [0] NCCL INFO ReduceScatter: 16777216 Bytes -> Algo RING proto SIMPLE channel{Lo..Hi}={0..1}
sg-admin-260624-2348f-default0-0:3309791:3309791 [0] NCCL INFO ReduceScatter: 16777216 Bytes -> Algo RING proto SIMPLE channel{Lo..Hi}={0..1}
sg-admin-260624-2348f-default0-0:3309791:3309791 [0] NCCL INFO ReduceScatter: 16777216 Bytes -> Algo RING proto SIMPLE channel{Lo..Hi}={0..1}
sg-admin-260624-2348f-default0-0:3309791:3309791 [0] NCCL INFO AllReduce: 4 Bytes -> Algo RING proto LL channel{Lo..Hi}={0..0}
sg-admin-260624-2348f-default0-0:3309791:3309791 [0] NCCL INFO AllReduce: 4 Bytes -> Algo RING proto LL channel{Lo..Hi}={0..0}
sg-admin-260624-2348f-default0-0:3309791:3309791 [0] NCCL INFO ReduceScatter: 16777216 Bytes -> Algo RING proto SIMPLE channel{Lo..Hi}={0..1}
sg-admin-260624-2348f-default0-0:3309791:3309791 [0] NCCL INFO AllReduce: 4 Bytes -> Algo RING proto LL channel{Lo..Hi}={0..0}
sg-admin-260624-2348f-default0-0:3309791:3309791 [0] NCCL INFO ReduceScatter: 16777216 Bytes -> Algo RING proto SIMPLE channel{Lo..Hi}={0..1}
sg-admin-260624-2348f-default0-0:3309791:3309791 [0] NCCL INFO AllReduce: 4 Bytes -> Algo RING proto LL channel{Lo..Hi}={0..0}
sg-admin-260624-2348f-default0-0:3309791:3309791 [0] NCCL INFO ReduceScatter: 16777216 Bytes -> Algo RING proto SIMPLE channel{Lo..Hi}={0..1}
sg-admin-260624-2348f-default0-0:3309791:3309791 [0] NCCL INFO AllReduce: 4 Bytes -> Algo RING proto LL channel{Lo..Hi}={0..0}
sg-admin-260624-2348f-default0-0:3309791:3309791 [0] NCCL INFO ReduceScatter: 16777216 Bytes -> Algo RING proto SIMPLE channel{Lo..Hi}={0..1}
sg-admin-260624-2348f-default0-0:3309791:3309791 [0] NCCL INFO AllReduce: 4 Bytes -> Algo RING proto LL channel{Lo..Hi}={0..0}
sg-admin-260624-2348f-default0-0:3309791:3309791 [0] NCCL INFO ReduceScatter: 16777216 Bytes -> Algo RING proto SIMPLE channel{Lo..Hi}={0..1}
sg-admin-260624-2348f-default0-0:3309791:3309791 [0] NCCL INFO AllReduce: 4 Bytes -> Algo RING proto LL channel{Lo..Hi}={0..0}
sg-admin-260624-2348f-default0-0:3309791:3309791 [0] NCCL INFO ReduceScatter: 16777216 Bytes -> Algo RING proto SIMPLE channel{Lo..Hi}={0..1}
sg-admin-260624-2348f-default0-0:3309791:3309791 [0] NCCL INFO AllReduce: 4 Bytes -> Algo RING proto LL channel{Lo..Hi}={0..0}
sg-admin-260624-2348f-default0-0:3309791:3309791 [0] NCCL INFO ReduceScatter: 16777216 Bytes -> Algo RING proto SIMPLE channel{Lo..Hi}={0..1}
sg-admin-260624-2348f-default0-0:3309791:3309791 [0] NCCL INFO AllReduce: 4 Bytes -> Algo RING proto LL channel{Lo..Hi}={0..0}
sg-admin-260624-2348f-default0-0:3309791:3309791 [0] NCCL INFO ReduceScatter: 16777216 Bytes -> Algo RING proto SIMPLE channel{Lo..Hi}={0..1}
sg-admin-260624-2348f-default0-0:3309791:3309791 [0] NCCL INFO ReduceScatter: 67108864 Bytes -> Algo RING proto SIMPLE channel{Lo..Hi}={0..1}
sg-admin-260624-2348f-default0-0:3309791:3309791 [0] NCCL INFO ReduceScatter: 67108864 Bytes -> Algo RING proto SIMPLE channel{Lo..Hi}={0..1}
sg-admin-260624-2348f-default0-0:3309791:3309791 [0] NCCL INFO ReduceScatter: 67108864 Bytes -> Algo RING proto SIMPLE channel{Lo..Hi}={0..1}
sg-admin-260624-2348f-default0-0:3309791:3309791 [0] NCCL INFO AllReduce: 4 Bytes -> Algo RING proto LL channel{Lo..Hi}={0..0}
sg-admin-260624-2348f-default0-0:3309791:3309791 [0] NCCL INFO AllReduce: 4 Bytes -> Algo RING proto LL channel{Lo..Hi}={0..0}
sg-admin-260624-2348f-default0-0:3309791:3309791 [0] NCCL INFO ReduceScatter: 67108864 Bytes -> Algo RING proto SIMPLE channel{Lo..Hi}={0..1}
sg-admin-260624-2348f-default0-0:3309791:3309791 [0] NCCL INFO AllReduce: 4 Bytes -> Algo RING proto LL channel{Lo..Hi}={0..0}
sg-admin-260624-2348f-default0-0:3309791:3309791 [0] NCCL INFO ReduceScatter: 67108864 Bytes -> Algo RING proto SIMPLE channel{Lo..Hi}={0..1}
sg-admin-260624-2348f-default0-0:3309791:3309791 [0] NCCL INFO AllReduce: 4 Bytes -> Algo RING proto LL channel{Lo..Hi}={0..0}
sg-admin-260624-2348f-default0-0:3309791:3309791 [0] NCCL INFO ReduceScatter: 67108864 Bytes -> Algo RING proto SIMPLE channel{Lo..Hi}={0..1}
sg-admin-260624-2348f-default0-0:3309791:3309791 [0] NCCL INFO AllReduce: 4 Bytes -> Algo RING proto LL channel{Lo..Hi}={0..0}
sg-admin-260624-2348f-default0-0:3309791:3309791 [0] NCCL INFO ReduceScatter: 67108864 Bytes -> Algo RING proto SIMPLE channel{Lo..Hi}={0..1}
sg-admin-260624-2348f-default0-0:3309791:3309791 [0] NCCL INFO AllReduce: 4 Bytes -> Algo RING proto LL channel{Lo..Hi}={0..0}
sg-admin-260624-2348f-default0-0:3309791:3309791 [0] NCCL INFO ReduceScatter: 67108864 Bytes -> Algo RING proto SIMPLE channel{Lo..Hi}={0..1}
sg-admin-260624-2348f-default0-0:3309791:3309791 [0] NCCL INFO AllReduce: 4 Bytes -> Algo RING proto LL channel{Lo..Hi}={0..0}
sg-admin-260624-2348f-default0-0:3309791:3309791 [0] NCCL INFO ReduceScatter: 67108864 Bytes -> Algo RING proto SIMPLE channel{Lo..Hi}={0..1}
sg-admin-260624-2348f-default0-0:3309791:3309791 [0] NCCL INFO AllReduce: 4 Bytes -> Algo RING proto LL channel{Lo..Hi}={0..0}
sg-admin-260624-2348f-default0-0:3309791:3309791 [0] NCCL INFO ReduceScatter: 67108864 Bytes -> Algo RING proto SIMPLE channel{Lo..Hi}={0..1}
sg-admin-260624-2348f-default0-0:3309791:3309791 [0] NCCL INFO AllReduce: 4 Bytes -> Algo RING proto LL channel{Lo..Hi}={0..0}
sg-admin-260624-2348f-default0-0:3309791:3309791 [0] NCCL INFO ReduceScatter: 67108864 Bytes -> Algo RING proto SIMPLE channel{Lo..Hi}={0..1}
sg-admin-260624-2348f-default0-0:3309791:3309791 [0] NCCL INFO ReduceScatter: 268435456 Bytes -> Algo RING proto SIMPLE channel{Lo..Hi}={0..1}
sg-admin-260624-2348f-default0-0:3309791:3309791 [0] NCCL INFO ReduceScatter: 268435456 Bytes -> Algo RING proto SIMPLE channel{Lo..Hi}={0..1}
sg-admin-260624-2348f-default0-0:3309791:3309791 [0] NCCL INFO ReduceScatter: 268435456 Bytes -> Algo RING proto SIMPLE channel{Lo..Hi}={0..1}
sg-admin-260624-2348f-default0-0:3309791:3309791 [0] NCCL INFO AllReduce: 4 Bytes -> Algo RING proto LL channel{Lo..Hi}={0..0}
sg-admin-260624-2348f-default0-0:3309791:3309791 [0] NCCL INFO AllReduce: 4 Bytes -> Algo RING proto LL channel{Lo..Hi}={0..0}
sg-admin-260624-2348f-default0-0:3309791:3309791 [0] NCCL INFO ReduceScatter: 268435456 Bytes -> Algo RING proto SIMPLE channel{Lo..Hi}={0..1}
sg-admin-260624-2348f-default0-0:3309791:3309791 [0] NCCL INFO AllReduce: 4 Bytes -> Algo RING proto LL channel{Lo..Hi}={0..0}
sg-admin-260624-2348f-default0-0:3309791:3309791 [0] NCCL INFO ReduceScatter: 268435456 Bytes -> Algo RING proto SIMPLE channel{Lo..Hi}={0..1}
sg-admin-260624-2348f-default0-0:3309791:3309791 [0] NCCL INFO AllReduce: 4 Bytes -> Algo RING proto LL channel{Lo..Hi}={0..0}
sg-admin-260624-2348f-default0-0:3309791:3309791 [0] NCCL INFO ReduceScatter: 268435456 Bytes -> Algo RING proto SIMPLE channel{Lo..Hi}={0..1}
sg-admin-260624-2348f-default0-0:3309791:3309791 [0] NCCL INFO AllReduce: 4 Bytes -> Algo RING proto LL channel{Lo..Hi}={0..0}
sg-admin-260624-2348f-default0-0:3309791:3309791 [0] NCCL INFO ReduceScatter: 268435456 Bytes -> Algo RING proto SIMPLE channel{Lo..Hi}={0..1}
sg-admin-260624-2348f-default0-0:3309791:3309791 [0] NCCL INFO AllReduce: 4 Bytes -> Algo RING proto LL channel{Lo..Hi}={0..0}
sg-admin-260624-2348f-default0-0:3309791:3309791 [0] NCCL INFO ReduceScatter: 268435456 Bytes -> Algo RING proto SIMPLE channel{Lo..Hi}={0..1}
sg-admin-260624-2348f-default0-0:3309791:3309791 [0] NCCL INFO AllReduce: 4 Bytes -> Algo RING proto LL channel{Lo..Hi}={0..0}
sg-admin-260624-2348f-default0-0:3309791:3309791 [0] NCCL INFO ReduceScatter: 268435456 Bytes -> Algo RING proto SIMPLE channel{Lo..Hi}={0..1}
sg-admin-260624-2348f-default0-0:3309791:3309791 [0] NCCL INFO AllReduce: 4 Bytes -> Algo RING proto LL channel{Lo..Hi}={0..0}
sg-admin-260624-2348f-default0-0:3309791:3309791 [0] NCCL INFO ReduceScatter: 268435456 Bytes -> Algo RING proto SIMPLE channel{Lo..Hi}={0..1}
sg-admin-260624-2348f-default0-0:3309791:3309791 [0] NCCL INFO AllReduce: 4 Bytes -> Algo RING proto LL channel{Lo..Hi}={0..0}
sg-admin-260624-2348f-default0-0:3309791:3309791 [0] NCCL INFO ReduceScatter: 268435456 Bytes -> Algo RING proto SIMPLE channel{Lo..Hi}={0..1}
sg-admin-260624-2348f-default0-0:3309791:3309791 [0] NCCL INFO AllReduce: 4 Bytes -> Algo RING proto LL channel{Lo..Hi}={0..0}
sg-admin-260624-2348f-default0-0:3309791:3309791 [0] NCCL INFO Broadcast: 4096 Bytes -> Algo RING proto SIMPLE channel{Lo..Hi}={0..0}
sg-admin-260624-2348f-default0-0:3309791:3309791 [0] NCCL INFO Broadcast: 4096 Bytes -> Algo RING proto SIMPLE channel{Lo..Hi}={0..0}
sg-admin-260624-2348f-default0-0:3309791:3309791 [0] NCCL INFO Broadcast: 4096 Bytes -> Algo RING proto SIMPLE channel{Lo..Hi}={0..0}
sg-admin-260624-2348f-default0-0:3309791:3309791 [0] NCCL INFO AllReduce: 4 Bytes -> Algo RING proto LL channel{Lo..Hi}={0..0}
sg-admin-260624-2348f-default0-0:3309791:3309791 [0] NCCL INFO AllReduce: 4 Bytes -> Algo RING proto LL channel{Lo..Hi}={0..0}
sg-admin-260624-2348f-default0-0:3309791:3309791 [0] NCCL INFO Broadcast: 4096 Bytes -> Algo RING proto SIMPLE channel{Lo..Hi}={0..0}
sg-admin-260624-2348f-default0-0:3309791:3309791 [0] NCCL INFO AllReduce: 4 Bytes -> Algo RING proto LL channel{Lo..Hi}={0..0}
sg-admin-260624-2348f-default0-0:3309791:3309791 [0] NCCL INFO Broadcast: 4096 Bytes -> Algo RING proto SIMPLE channel{Lo..Hi}={0..0}
sg-admin-260624-2348f-default0-0:3309791:3309791 [0] NCCL INFO AllReduce: 4 Bytes -> Algo RING proto LL channel{Lo..Hi}={0..0}
sg-admin-260624-2348f-default0-0:3309791:3309791 [0] NCCL INFO Broadcast: 4096 Bytes -> Algo RING proto SIMPLE channel{Lo..Hi}={0..0}
sg-admin-260624-2348f-default0-0:3309791:3309791 [0] NCCL INFO AllReduce: 4 Bytes -> Algo RING proto LL channel{Lo..Hi}={0..0}
sg-admin-260624-2348f-default0-0:3309791:3309791 [0] NCCL INFO Broadcast: 4096 Bytes -> Algo RING proto SIMPLE channel{Lo..Hi}={0..0}
sg-admin-260624-2348f-default0-0:3309791:3309791 [0] NCCL INFO AllReduce: 4 Bytes -> Algo RING proto LL channel{Lo..Hi}={0..0}
sg-admin-260624-2348f-default0-0:3309791:3309791 [0] NCCL INFO Broadcast: 4096 Bytes -> Algo RING proto SIMPLE channel{Lo..Hi}={0..0}
sg-admin-260624-2348f-default0-0:3309791:3309791 [0] NCCL INFO AllReduce: 4 Bytes -> Algo RING proto LL channel{Lo..Hi}={0..0}
sg-admin-260624-2348f-default0-0:3309791:3309791 [0] NCCL INFO Broadcast: 4096 Bytes -> Algo RING proto SIMPLE channel{Lo..Hi}={0..0}
sg-admin-260624-2348f-default0-0:3309791:3309791 [0] NCCL INFO AllReduce: 4 Bytes -> Algo RING proto LL channel{Lo..Hi}={0..0}
sg-admin-260624-2348f-default0-0:3309791:3309791 [0] NCCL INFO Broadcast: 4096 Bytes -> Algo RING proto SIMPLE channel{Lo..Hi}={0..0}
sg-admin-260624-2348f-default0-0:3309791:3309791 [0] NCCL INFO AllReduce: 4 Bytes -> Algo RING proto LL channel{Lo..Hi}={0..0}
sg-admin-260624-2348f-default0-0:3309791:3309791 [0] NCCL INFO Broadcast: 4096 Bytes -> Algo RING proto SIMPLE channel{Lo..Hi}={0..0}
sg-admin-260624-2348f-default0-0:3309791:3309791 [0] NCCL INFO AllReduce: 4 Bytes -> Algo RING proto LL channel{Lo..Hi}={0..0}
sg-admin-260624-2348f-default0-0:3309791:3309791 [0] NCCL INFO Broadcast: 4096 Bytes -> Algo RING proto SIMPLE channel{Lo..Hi}={0..0}
sg-admin-260624-2348f-default0-0:3309791:3309791 [0] NCCL INFO AllReduce: 4 Bytes -> Algo RING proto LL channel{Lo..Hi}={0..0}
sg-admin-260624-2348f-default0-0:3309791:3309791 [0] NCCL INFO Broadcast: 4096 Bytes -> Algo RING proto SIMPLE channel{Lo..Hi}={0..0}
sg-admin-260624-2348f-default0-0:3309791:3309791 [0] NCCL INFO AllReduce: 4 Bytes -> Algo RING proto LL channel{Lo..Hi}={0..0}
sg-admin-260624-2348f-default0-0:3309791:3309791 [0] NCCL INFO Broadcast: 4096 Bytes -> Algo RING proto SIMPLE channel{Lo..Hi}={0..0}
sg-admin-260624-2348f-default0-0:3309791:3309791 [0] NCCL INFO AllReduce: 4 Bytes -> Algo RING proto LL channel{Lo..Hi}={0..0}
sg-admin-260624-2348f-default0-0:3309791:3309791 [0] NCCL INFO Broadcast: 4096 Bytes -> Algo RING proto SIMPLE channel{Lo..Hi}={0..0}
sg-admin-260624-2348f-default0-0:3309791:3309791 [0] NCCL INFO AllReduce: 4 Bytes -> Algo RING proto LL channel{Lo..Hi}={0..0}
sg-admin-260624-2348f-default0-0:3309791:3309791 [0] NCCL INFO Broadcast: 4096 Bytes -> Algo RING proto SIMPLE channel{Lo..Hi}={0..0}
sg-admin-260624-2348f-default0-0:3309791:3309791 [0] NCCL INFO AllReduce: 4 Bytes -> Algo RING proto LL channel{Lo..Hi}={0..0}
sg-admin-260624-2348f-default0-0:3309791:3309791 [0] NCCL INFO Broadcast: 4096 Bytes -> Algo RING proto SIMPLE channel{Lo..Hi}={0..0}
sg-admin-260624-2348f-default0-0:3309791:3309791 [0] NCCL INFO AllReduce: 4 Bytes -> Algo RING proto LL channel{Lo..Hi}={0..0}
sg-admin-260624-2348f-default0-0:3309791:3309791 [0] NCCL INFO Broadcast: 4096 Bytes -> Algo RING proto SIMPLE channel{Lo..Hi}={0..0}
sg-admin-260624-2348f-default0-0:3309791:3309791 [0] NCCL INFO AllReduce: 4 Bytes -> Algo RING proto LL channel{Lo..Hi}={0..0}
sg-admin-260624-2348f-default0-0:3309791:3309791 [0] NCCL INFO Broadcast: 4096 Bytes -> Algo RING proto SIMPLE channel{Lo..Hi}={0..0}
sg-admin-260624-2348f-default0-0:3309791:3309791 [0] NCCL INFO AllReduce: 4 Bytes -> Algo RING proto LL channel{Lo..Hi}={0..0}
sg-admin-260624-2348f-default0-0:3309791:3309791 [0] NCCL INFO Broadcast: 4096 Bytes -> Algo RING proto SIMPLE channel{Lo..Hi}={0..0}
sg-admin-260624-2348f-default0-0:3309791:3309791 [0] NCCL INFO AllReduce: 4 Bytes -> Algo RING proto LL channel{Lo..Hi}={0..0}
sg-admin-260624-2348f-default0-0:3309791:3309791 [0] NCCL INFO Broadcast: 4096 Bytes -> Algo RING proto SIMPLE channel{Lo..Hi}={0..0}
sg-admin-260624-2348f-default0-0:3309791:3309791 [0] NCCL INFO AllReduce: 4 Bytes -> Algo RING proto LL channel{Lo..Hi}={0..0}
sg-admin-260624-2348f-default0-0:3309791:3309791 [0] NCCL INFO Broadcast: 4096 Bytes -> Algo RING proto SIMPLE channel{Lo..Hi}={0..0}
sg-admin-260624-2348f-default0-0:3309791:3309791 [0] NCCL INFO AllReduce: 4 Bytes -> Algo RING proto LL channel{Lo..Hi}={0..0}
sg-admin-260624-2348f-default0-0:3309791:3309791 [0] NCCL INFO Broadcast: 4096 Bytes -> Algo RING proto SIMPLE channel{Lo..Hi}={0..0}
sg-admin-260624-2348f-default0-0:3309791:3309791 [0] NCCL INFO Broadcast: 65536 Bytes -> Algo RING proto SIMPLE channel{Lo..Hi}={0..1}
sg-admin-260624-2348f-default0-0:3309791:3309791 [0] NCCL INFO Broadcast: 65536 Bytes -> Algo RING proto SIMPLE channel{Lo..Hi}={0..1}
sg-admin-260624-2348f-default0-0:3309791:3309791 [0] NCCL INFO Broadcast: 65536 Bytes -> Algo RING proto SIMPLE channel{Lo..Hi}={0..1}
sg-admin-260624-2348f-default0-0:3309791:3309791 [0] NCCL INFO AllReduce: 4 Bytes -> Algo RING proto LL channel{Lo..Hi}={0..0}
sg-admin-260624-2348f-default0-0:3309791:3309791 [0] NCCL INFO AllReduce: 4 Bytes -> Algo RING proto LL channel{Lo..Hi}={0..0}
sg-admin-260624-2348f-default0-0:3309791:3309791 [0] NCCL INFO Broadcast: 65536 Bytes -> Algo RING proto SIMPLE channel{Lo..Hi}={0..1}
sg-admin-260624-2348f-default0-0:3309791:3309791 [0] NCCL INFO AllReduce: 4 Bytes -> Algo RING proto LL channel{Lo..Hi}={0..0}
sg-admin-260624-2348f-default0-0:3309791:3309791 [0] NCCL INFO Broadcast: 65536 Bytes -> Algo RING proto SIMPLE channel{Lo..Hi}={0..1}
sg-admin-260624-2348f-default0-0:3309791:3309791 [0] NCCL INFO AllReduce: 4 Bytes -> Algo RING proto LL channel{Lo..Hi}={0..0}
sg-admin-260624-2348f-default0-0:3309791:3309791 [0] NCCL INFO Broadcast: 65536 Bytes -> Algo RING proto SIMPLE channel{Lo..Hi}={0..1}
sg-admin-260624-2348f-default0-0:3309791:3309791 [0] NCCL INFO AllReduce: 4 Bytes -> Algo RING proto LL channel{Lo..Hi}={0..0}
sg-admin-260624-2348f-default0-0:3309791:3309791 [0] NCCL INFO Broadcast: 65536 Bytes -> Algo RING proto SIMPLE channel{Lo..Hi}={0..1}
sg-admin-260624-2348f-default0-0:3309791:3309791 [0] NCCL INFO AllReduce: 4 Bytes -> Algo RING proto LL channel{Lo..Hi}={0..0}
sg-admin-260624-2348f-default0-0:3309791:3309791 [0] NCCL INFO Broadcast: 65536 Bytes -> Algo RING proto SIMPLE channel{Lo..Hi}={0..1}
sg-admin-260624-2348f-default0-0:3309791:3309791 [0] NCCL INFO AllReduce: 4 Bytes -> Algo RING proto LL channel{Lo..Hi}={0..0}
sg-admin-260624-2348f-default0-0:3309791:3309791 [0] NCCL INFO Broadcast: 65536 Bytes -> Algo RING proto SIMPLE channel{Lo..Hi}={0..1}
sg-admin-260624-2348f-default0-0:3309791:3309791 [0] NCCL INFO AllReduce: 4 Bytes -> Algo RING proto LL channel{Lo..Hi}={0..0}
sg-admin-260624-2348f-default0-0:3309791:3309791 [0] NCCL INFO Broadcast: 65536 Bytes -> Algo RING proto SIMPLE channel{Lo..Hi}={0..1}
sg-admin-260624-2348f-default0-0:3309791:3309791 [0] NCCL INFO AllReduce: 4 Bytes -> Algo RING proto LL channel{Lo..Hi}={0..0}
sg-admin-260624-2348f-default0-0:3309791:3309791 [0] NCCL INFO Broadcast: 65536 Bytes -> Algo RING proto SIMPLE channel{Lo..Hi}={0..1}
sg-admin-260624-2348f-default0-0:3309791:3309791 [0] NCCL INFO AllReduce: 4 Bytes -> Algo RING proto LL channel{Lo..Hi}={0..0}
sg-admin-260624-2348f-default0-0:3309791:3309791 [0] NCCL INFO Broadcast: 65536 Bytes -> Algo RING proto SIMPLE channel{Lo..Hi}={0..1}
sg-admin-260624-2348f-default0-0:3309791:3309791 [0] NCCL INFO AllReduce: 4 Bytes -> Algo RING proto LL channel{Lo..Hi}={0..0}
sg-admin-260624-2348f-default0-0:3309791:3309791 [0] NCCL INFO Broadcast: 65536 Bytes -> Algo RING proto SIMPLE channel{Lo..Hi}={0..1}
sg-admin-260624-2348f-default0-0:3309791:3309791 [0] NCCL INFO AllReduce: 4 Bytes -> Algo RING proto LL channel{Lo..Hi}={0..0}
sg-admin-260624-2348f-default0-0:3309791:3309791 [0] NCCL INFO Broadcast: 65536 Bytes -> Algo RING proto SIMPLE channel{Lo..Hi}={0..1}
sg-admin-260624-2348f-default0-0:3309791:3309791 [0] NCCL INFO AllReduce: 4 Bytes -> Algo RING proto LL channel{Lo..Hi}={0..0}
sg-admin-260624-2348f-default0-0:3309791:3309791 [0] NCCL INFO Broadcast: 65536 Bytes -> Algo RING proto SIMPLE channel{Lo..Hi}={0..1}
sg-admin-260624-2348f-default0-0:3309791:3309791 [0] NCCL INFO AllReduce: 4 Bytes -> Algo RING proto LL channel{Lo..Hi}={0..0}
sg-admin-260624-2348f-default0-0:3309791:3309791 [0] NCCL INFO Broadcast: 65536 Bytes -> Algo RING proto SIMPLE channel{Lo..Hi}={0..1}
sg-admin-260624-2348f-default0-0:3309791:3309791 [0] NCCL INFO AllReduce: 4 Bytes -> Algo RING proto LL channel{Lo..Hi}={0..0}
sg-admin-260624-2348f-default0-0:3309791:3309791 [0] NCCL INFO Broadcast: 65536 Bytes -> Algo RING proto SIMPLE channel{Lo..Hi}={0..1}
sg-admin-260624-2348f-default0-0:3309791:3309791 [0] NCCL INFO AllReduce: 4 Bytes -> Algo RING proto LL channel{Lo..Hi}={0..0}
sg-admin-260624-2348f-default0-0:3309791:3309791 [0] NCCL INFO Broadcast: 65536 Bytes -> Algo RING proto SIMPLE channel{Lo..Hi}={0..1}
sg-admin-260624-2348f-default0-0:3309791:3309791 [0] NCCL INFO AllReduce: 4 Bytes -> Algo RING proto LL channel{Lo..Hi}={0..0}
sg-admin-260624-2348f-default0-0:3309791:3309791 [0] NCCL INFO Broadcast: 65536 Bytes -> Algo RING proto SIMPLE channel{Lo..Hi}={0..1}
sg-admin-260624-2348f-default0-0:3309791:3309791 [0] NCCL INFO AllReduce: 4 Bytes -> Algo RING proto LL channel{Lo..Hi}={0..0}
sg-admin-260624-2348f-default0-0:3309791:3309791 [0] NCCL INFO Broadcast: 65536 Bytes -> Algo RING proto SIMPLE channel{Lo..Hi}={0..1}
sg-admin-260624-2348f-default0-0:3309791:3309791 [0] NCCL INFO AllReduce: 4 Bytes -> Algo RING proto LL channel{Lo..Hi}={0..0}
sg-admin-260624-2348f-default0-0:3309791:3309791 [0] NCCL INFO Broadcast: 65536 Bytes -> Algo RING proto SIMPLE channel{Lo..Hi}={0..1}
sg-admin-260624-2348f-default0-0:3309791:3309791 [0] NCCL INFO AllReduce: 4 Bytes -> Algo RING proto LL channel{Lo..Hi}={0..0}
sg-admin-260624-2348f-default0-0:3309791:3309791 [0] NCCL INFO Broadcast: 65536 Bytes -> Algo RING proto SIMPLE channel{Lo..Hi}={0..1}
sg-admin-260624-2348f-default0-0:3309791:3309791 [0] NCCL INFO AllReduce: 4 Bytes -> Algo RING proto LL channel{Lo..Hi}={0..0}
sg-admin-260624-2348f-default0-0:3309791:3309791 [0] NCCL INFO Broadcast: 65536 Bytes -> Algo RING proto SIMPLE channel{Lo..Hi}={0..1}
sg-admin-260624-2348f-default0-0:3309791:3309791 [0] NCCL INFO Broadcast: 1048576 Bytes -> Algo RING proto SIMPLE channel{Lo..Hi}={0..1}
sg-admin-260624-2348f-default0-0:3309791:3309791 [0] NCCL INFO Broadcast: 1048576 Bytes -> Algo RING proto SIMPLE channel{Lo..Hi}={0..1}
sg-admin-260624-2348f-default0-0:3309791:3309791 [0] NCCL INFO Broadcast: 1048576 Bytes -> Algo RING proto SIMPLE channel{Lo..Hi}={0..1}
sg-admin-260624-2348f-default0-0:3309791:3309791 [0] NCCL INFO AllReduce: 4 Bytes -> Algo RING proto LL channel{Lo..Hi}={0..0}
sg-admin-260624-2348f-default0-0:3309791:3309791 [0] NCCL INFO AllReduce: 4 Bytes -> Algo RING proto LL channel{Lo..Hi}={0..0}
sg-admin-260624-2348f-default0-0:3309791:3309791 [0] NCCL INFO Broadcast: 1048576 Bytes -> Algo RING proto SIMPLE channel{Lo..Hi}={0..1}
sg-admin-260624-2348f-default0-0:3309791:3309791 [0] NCCL INFO AllReduce: 4 Bytes -> Algo RING proto LL channel{Lo..Hi}={0..0}
sg-admin-260624-2348f-default0-0:3309791:3309791 [0] NCCL INFO Broadcast: 1048576 Bytes -> Algo RING proto SIMPLE channel{Lo..Hi}={0..1}
sg-admin-260624-2348f-default0-0:3309791:3309791 [0] NCCL INFO AllReduce: 4 Bytes -> Algo RING proto LL channel{Lo..Hi}={0..0}
sg-admin-260624-2348f-default0-0:3309791:3309791 [0] NCCL INFO Broadcast: 1048576 Bytes -> Algo RING proto SIMPLE channel{Lo..Hi}={0..1}
sg-admin-260624-2348f-default0-0:3309791:3309791 [0] NCCL INFO AllReduce: 4 Bytes -> Algo RING proto LL channel{Lo..Hi}={0..0}
sg-admin-260624-2348f-default0-0:3309791:3309791 [0] NCCL INFO Broadcast: 1048576 Bytes -> Algo RING proto SIMPLE channel{Lo..Hi}={0..1}
sg-admin-260624-2348f-default0-0:3309791:3309791 [0] NCCL INFO AllReduce: 4 Bytes -> Algo RING proto LL channel{Lo..Hi}={0..0}
sg-admin-260624-2348f-default0-0:3309791:3309791 [0] NCCL INFO Broadcast: 1048576 Bytes -> Algo RING proto SIMPLE channel{Lo..Hi}={0..1}
sg-admin-260624-2348f-default0-0:3309791:3309791 [0] NCCL INFO AllReduce: 4 Bytes -> Algo RING proto LL channel{Lo..Hi}={0..0}
sg-admin-260624-2348f-default0-0:3309791:3309791 [0] NCCL INFO Broadcast: 1048576 Bytes -> Algo RING proto SIMPLE channel{Lo..Hi}={0..1}
sg-admin-260624-2348f-default0-0:3309791:3309791 [0] NCCL INFO AllReduce: 4 Bytes -> Algo RING proto LL channel{Lo..Hi}={0..0}
sg-admin-260624-2348f-default0-0:3309791:3309791 [0] NCCL INFO Broadcast: 1048576 Bytes -> Algo RING proto SIMPLE channel{Lo..Hi}={0..1}
sg-admin-260624-2348f-default0-0:3309791:3309791 [0] NCCL INFO AllReduce: 4 Bytes -> Algo RING proto LL channel{Lo..Hi}={0..0}
sg-admin-260624-2348f-default0-0:3309791:3309791 [0] NCCL INFO Broadcast: 1048576 Bytes -> Algo RING proto SIMPLE channel{Lo..Hi}={0..1}
sg-admin-260624-2348f-default0-0:3309791:3309791 [0] NCCL INFO AllReduce: 4 Bytes -> Algo RING proto LL channel{Lo..Hi}={0..0}
sg-admin-260624-2348f-default0-0:3309791:3309791 [0] NCCL INFO Broadcast: 1048576 Bytes -> Algo RING proto SIMPLE channel{Lo..Hi}={0..1}
sg-admin-260624-2348f-default0-0:3309791:3309791 [0] NCCL INFO AllReduce: 4 Bytes -> Algo RING proto LL channel{Lo..Hi}={0..0}
sg-admin-260624-2348f-default0-0:3309791:3309791 [0] NCCL INFO Broadcast: 1048576 Bytes -> Algo RING proto SIMPLE channel{Lo..Hi}={0..1}
sg-admin-260624-2348f-default0-0:3309791:3309791 [0] NCCL INFO AllReduce: 4 Bytes -> Algo RING proto LL channel{Lo..Hi}={0..0}
sg-admin-260624-2348f-default0-0:3309791:3309791 [0] NCCL INFO Broadcast: 1048576 Bytes -> Algo RING proto SIMPLE channel{Lo..Hi}={0..1}
sg-admin-260624-2348f-default0-0:3309791:3309791 [0] NCCL INFO AllReduce: 4 Bytes -> Algo RING proto LL channel{Lo..Hi}={0..0}
sg-admin-260624-2348f-default0-0:3309791:3309791 [0] NCCL INFO Broadcast: 1048576 Bytes -> Algo RING proto SIMPLE channel{Lo..Hi}={0..1}
sg-admin-260624-2348f-default0-0:3309791:3309791 [0] NCCL INFO AllReduce: 4 Bytes -> Algo RING proto LL channel{Lo..Hi}={0..0}
sg-admin-260624-2348f-default0-0:3309791:3309791 [0] NCCL INFO Broadcast: 1048576 Bytes -> Algo RING proto SIMPLE channel{Lo..Hi}={0..1}
sg-admin-260624-2348f-default0-0:3309791:3309791 [0] NCCL INFO AllReduce: 4 Bytes -> Algo RING proto LL channel{Lo..Hi}={0..0}
sg-admin-260624-2348f-default0-0:3309791:3309791 [0] NCCL INFO Broadcast: 1048576 Bytes -> Algo RING proto SIMPLE channel{Lo..Hi}={0..1}
sg-admin-260624-2348f-default0-0:3309791:3309791 [0] NCCL INFO AllReduce: 4 Bytes -> Algo RING proto LL channel{Lo..Hi}={0..0}
sg-admin-260624-2348f-default0-0:3309791:3309791 [0] NCCL INFO Broadcast: 1048576 Bytes -> Algo RING proto SIMPLE channel{Lo..Hi}={0..1}
sg-admin-260624-2348f-default0-0:3309791:3309791 [0] NCCL INFO AllReduce: 4 Bytes -> Algo RING proto LL channel{Lo..Hi}={0..0}
sg-admin-260624-2348f-default0-0:3309791:3309791 [0] NCCL INFO Broadcast: 1048576 Bytes -> Algo RING proto SIMPLE channel{Lo..Hi}={0..1}
sg-admin-260624-2348f-default0-0:3309791:3309791 [0] NCCL INFO AllReduce: 4 Bytes -> Algo RING proto LL channel{Lo..Hi}={0..0}
sg-admin-260624-2348f-default0-0:3309791:3309791 [0] NCCL INFO Broadcast: 1048576 Bytes -> Algo RING proto SIMPLE channel{Lo..Hi}={0..1}
sg-admin-260624-2348f-default0-0:3309791:3309791 [0] NCCL INFO AllReduce: 4 Bytes -> Algo RING proto LL channel{Lo..Hi}={0..0}
sg-admin-260624-2348f-default0-0:3309791:3309791 [0] NCCL INFO Broadcast: 1048576 Bytes -> Algo RING proto SIMPLE channel{Lo..Hi}={0..1}
sg-admin-260624-2348f-default0-0:3309791:3309791 [0] NCCL INFO AllReduce: 4 Bytes -> Algo RING proto LL channel{Lo..Hi}={0..0}
sg-admin-260624-2348f-default0-0:3309791:3309791 [0] NCCL INFO Broadcast: 1048576 Bytes -> Algo RING proto SIMPLE channel{Lo..Hi}={0..1}
sg-admin-260624-2348f-default0-0:3309791:3309791 [0] NCCL INFO AllReduce: 4 Bytes -> Algo RING proto LL channel{Lo..Hi}={0..0}
sg-admin-260624-2348f-default0-0:3309791:3309791 [0] NCCL INFO Broadcast: 1048576 Bytes -> Algo RING proto SIMPLE channel{Lo..Hi}={0..1}
sg-admin-260624-2348f-default0-0:3309791:3309791 [0] NCCL INFO Broadcast: 4194304 Bytes -> Algo RING proto SIMPLE channel{Lo..Hi}={0..1}
sg-admin-260624-2348f-default0-0:3309791:3309791 [0] NCCL INFO Broadcast: 4194304 Bytes -> Algo RING proto SIMPLE channel{Lo..Hi}={0..1}
sg-admin-260624-2348f-default0-0:3309791:3309791 [0] NCCL INFO Broadcast: 4194304 Bytes -> Algo RING proto SIMPLE channel{Lo..Hi}={0..1}
sg-admin-260624-2348f-default0-0:3309791:3309791 [0] NCCL INFO AllReduce: 4 Bytes -> Algo RING proto LL channel{Lo..Hi}={0..0}
sg-admin-260624-2348f-default0-0:3309791:3309791 [0] NCCL INFO AllReduce: 4 Bytes -> Algo RING proto LL channel{Lo..Hi}={0..0}
sg-admin-260624-2348f-default0-0:3309791:3309791 [0] NCCL INFO Broadcast: 4194304 Bytes -> Algo RING proto SIMPLE channel{Lo..Hi}={0..1}
sg-admin-260624-2348f-default0-0:3309791:3309791 [0] NCCL INFO AllReduce: 4 Bytes -> Algo RING proto LL channel{Lo..Hi}={0..0}
sg-admin-260624-2348f-default0-0:3309791:3309791 [0] NCCL INFO Broadcast: 4194304 Bytes -> Algo RING proto SIMPLE channel{Lo..Hi}={0..1}
sg-admin-260624-2348f-default0-0:3309791:3309791 [0] NCCL INFO AllReduce: 4 Bytes -> Algo RING proto LL channel{Lo..Hi}={0..0}
sg-admin-260624-2348f-default0-0:3309791:3309791 [0] NCCL INFO Broadcast: 4194304 Bytes -> Algo RING proto SIMPLE channel{Lo..Hi}={0..1}
sg-admin-260624-2348f-default0-0:3309791:3309791 [0] NCCL INFO AllReduce: 4 Bytes -> Algo RING proto LL channel{Lo..Hi}={0..0}
sg-admin-260624-2348f-default0-0:3309791:3309791 [0] NCCL INFO Broadcast: 4194304 Bytes -> Algo RING proto SIMPLE channel{Lo..Hi}={0..1}
sg-admin-260624-2348f-default0-0:3309791:3309791 [0] NCCL INFO AllReduce: 4 Bytes -> Algo RING proto LL channel{Lo..Hi}={0..0}
sg-admin-260624-2348f-default0-0:3309791:3309791 [0] NCCL INFO Broadcast: 4194304 Bytes -> Algo RING proto SIMPLE channel{Lo..Hi}={0..1}
sg-admin-260624-2348f-default0-0:3309791:3309791 [0] NCCL INFO AllReduce: 4 Bytes -> Algo RING proto LL channel{Lo..Hi}={0..0}
sg-admin-260624-2348f-default0-0:3309791:3309791 [0] NCCL INFO Broadcast: 4194304 Bytes -> Algo RING proto SIMPLE channel{Lo..Hi}={0..1}
sg-admin-260624-2348f-default0-0:3309791:3309791 [0] NCCL INFO AllReduce: 4 Bytes -> Algo RING proto LL channel{Lo..Hi}={0..0}
sg-admin-260624-2348f-default0-0:3309791:3309791 [0] NCCL INFO Broadcast: 4194304 Bytes -> Algo RING proto SIMPLE channel{Lo..Hi}={0..1}
sg-admin-260624-2348f-default0-0:3309791:3309791 [0] NCCL INFO AllReduce: 4 Bytes -> Algo RING proto LL channel{Lo..Hi}={0..0}
sg-admin-260624-2348f-default0-0:3309791:3309791 [0] NCCL INFO Broadcast: 4194304 Bytes -> Algo RING proto SIMPLE channel{Lo..Hi}={0..1}
sg-admin-260624-2348f-default0-0:3309791:3309791 [0] NCCL INFO AllReduce: 4 Bytes -> Algo RING proto LL channel{Lo..Hi}={0..0}
sg-admin-260624-2348f-default0-0:3309791:3309791 [0] NCCL INFO Broadcast: 4194304 Bytes -> Algo RING proto SIMPLE channel{Lo..Hi}={0..1}
sg-admin-260624-2348f-default0-0:3309791:3309791 [0] NCCL INFO AllReduce: 4 Bytes -> Algo RING proto LL channel{Lo..Hi}={0..0}
sg-admin-260624-2348f-default0-0:3309791:3309791 [0] NCCL INFO Broadcast: 4194304 Bytes -> Algo RING proto SIMPLE channel{Lo..Hi}={0..1}
sg-admin-260624-2348f-default0-0:3309791:3309791 [0] NCCL INFO AllReduce: 4 Bytes -> Algo RING proto LL channel{Lo..Hi}={0..0}
sg-admin-260624-2348f-default0-0:3309791:3309791 [0] NCCL INFO Broadcast: 4194304 Bytes -> Algo RING proto SIMPLE channel{Lo..Hi}={0..1}
sg-admin-260624-2348f-default0-0:3309791:3309791 [0] NCCL INFO AllReduce: 4 Bytes -> Algo RING proto LL channel{Lo..Hi}={0..0}
sg-admin-260624-2348f-default0-0:3309791:3309791 [0] NCCL INFO Broadcast: 4194304 Bytes -> Algo RING proto SIMPLE channel{Lo..Hi}={0..1}
sg-admin-260624-2348f-default0-0:3309791:3309791 [0] NCCL INFO AllReduce: 4 Bytes -> Algo RING proto LL channel{Lo..Hi}={0..0}
sg-admin-260624-2348f-default0-0:3309791:3309791 [0] NCCL INFO Broadcast: 4194304 Bytes -> Algo RING proto SIMPLE channel{Lo..Hi}={0..1}
sg-admin-260624-2348f-default0-0:3309791:3309791 [0] NCCL INFO AllReduce: 4 Bytes -> Algo RING proto LL channel{Lo..Hi}={0..0}
sg-admin-260624-2348f-default0-0:3309791:3309791 [0] NCCL INFO Broadcast: 4194304 Bytes -> Algo RING proto SIMPLE channel{Lo..Hi}={0..1}
sg-admin-260624-2348f-default0-0:3309791:3309791 [0] NCCL INFO AllReduce: 4 Bytes -> Algo RING proto LL channel{Lo..Hi}={0..0}
sg-admin-260624-2348f-default0-0:3309791:3309791 [0] NCCL INFO Broadcast: 4194304 Bytes -> Algo RING proto SIMPLE channel{Lo..Hi}={0..1}
sg-admin-260624-2348f-default0-0:3309791:3309791 [0] NCCL INFO AllReduce: 4 Bytes -> Algo RING proto LL channel{Lo..Hi}={0..0}
sg-admin-260624-2348f-default0-0:3309791:3309791 [0] NCCL INFO Broadcast: 4194304 Bytes -> Algo RING proto SIMPLE channel{Lo..Hi}={0..1}
sg-admin-260624-2348f-default0-0:3309791:3309791 [0] NCCL INFO AllReduce: 4 Bytes -> Algo RING proto LL channel{Lo..Hi}={0..0}
sg-admin-260624-2348f-default0-0:3309791:3309791 [0] NCCL INFO Broadcast: 4194304 Bytes -> Algo RING proto SIMPLE channel{Lo..Hi}={0..1}
sg-admin-260624-2348f-default0-0:3309791:3309791 [0] NCCL INFO AllReduce: 4 Bytes -> Algo RING proto LL channel{Lo..Hi}={0..0}
sg-admin-260624-2348f-default0-0:3309791:3309791 [0] NCCL INFO Broadcast: 4194304 Bytes -> Algo RING proto SIMPLE channel{Lo..Hi}={0..1}
sg-admin-260624-2348f-default0-0:3309791:3309791 [0] NCCL INFO AllReduce: 4 Bytes -> Algo RING proto LL channel{Lo..Hi}={0..0}
sg-admin-260624-2348f-default0-0:3309791:3309791 [0] NCCL INFO Broadcast: 4194304 Bytes -> Algo RING proto SIMPLE channel{Lo..Hi}={0..1}
sg-admin-260624-2348f-default0-0:3309791:3309791 [0] NCCL INFO AllReduce: 4 Bytes -> Algo RING proto LL channel{Lo..Hi}={0..0}
sg-admin-260624-2348f-default0-0:3309791:3309791 [0] NCCL INFO Broadcast: 4194304 Bytes -> Algo RING proto SIMPLE channel{Lo..Hi}={0..1}
sg-admin-260624-2348f-default0-0:3309791:3309791 [0] NCCL INFO Broadcast: 16777216 Bytes -> Algo RING proto SIMPLE channel{Lo..Hi}={0..1}
sg-admin-260624-2348f-default0-0:3309791:3309791 [0] NCCL INFO Broadcast: 16777216 Bytes -> Algo RING proto SIMPLE channel{Lo..Hi}={0..1}
sg-admin-260624-2348f-default0-0:3309791:3309791 [0] NCCL INFO Broadcast: 16777216 Bytes -> Algo RING proto SIMPLE channel{Lo..Hi}={0..1}
sg-admin-260624-2348f-default0-0:3309791:3309791 [0] NCCL INFO AllReduce: 4 Bytes -> Algo RING proto LL channel{Lo..Hi}={0..0}
sg-admin-260624-2348f-default0-0:3309791:3309791 [0] NCCL INFO AllReduce: 4 Bytes -> Algo RING proto LL channel{Lo..Hi}={0..0}
sg-admin-260624-2348f-default0-0:3309791:3309791 [0] NCCL INFO Broadcast: 16777216 Bytes -> Algo RING proto SIMPLE channel{Lo..Hi}={0..1}
sg-admin-260624-2348f-default0-0:3309791:3309791 [0] NCCL INFO AllReduce: 4 Bytes -> Algo RING proto LL channel{Lo..Hi}={0..0}
sg-admin-260624-2348f-default0-0:3309791:3309791 [0] NCCL INFO Broadcast: 16777216 Bytes -> Algo RING proto SIMPLE channel{Lo..Hi}={0..1}
sg-admin-260624-2348f-default0-0:3309791:3309791 [0] NCCL INFO AllReduce: 4 Bytes -> Algo RING proto LL channel{Lo..Hi}={0..0}
sg-admin-260624-2348f-default0-0:3309791:3309791 [0] NCCL INFO Broadcast: 16777216 Bytes -> Algo RING proto SIMPLE channel{Lo..Hi}={0..1}
sg-admin-260624-2348f-default0-0:3309791:3309791 [0] NCCL INFO AllReduce: 4 Bytes -> Algo RING proto LL channel{Lo..Hi}={0..0}
sg-admin-260624-2348f-default0-0:3309791:3309791 [0] NCCL INFO Broadcast: 16777216 Bytes -> Algo RING proto SIMPLE channel{Lo..Hi}={0..1}
sg-admin-260624-2348f-default0-0:3309791:3309791 [0] NCCL INFO AllReduce: 4 Bytes -> Algo RING proto LL channel{Lo..Hi}={0..0}
sg-admin-260624-2348f-default0-0:3309791:3309791 [0] NCCL INFO Broadcast: 16777216 Bytes -> Algo RING proto SIMPLE channel{Lo..Hi}={0..1}
sg-admin-260624-2348f-default0-0:3309791:3309791 [0] NCCL INFO AllReduce: 4 Bytes -> Algo RING proto LL channel{Lo..Hi}={0..0}
sg-admin-260624-2348f-default0-0:3309791:3309791 [0] NCCL INFO Broadcast: 16777216 Bytes -> Algo RING proto SIMPLE channel{Lo..Hi}={0..1}
sg-admin-260624-2348f-default0-0:3309791:3309791 [0] NCCL INFO AllReduce: 4 Bytes -> Algo RING proto LL channel{Lo..Hi}={0..0}
sg-admin-260624-2348f-default0-0:3309791:3309791 [0] NCCL INFO Broadcast: 16777216 Bytes -> Algo RING proto SIMPLE channel{Lo..Hi}={0..1}
sg-admin-260624-2348f-default0-0:3309791:3309791 [0] NCCL INFO AllReduce: 4 Bytes -> Algo RING proto LL channel{Lo..Hi}={0..0}
sg-admin-260624-2348f-default0-0:3309791:3309791 [0] NCCL INFO Broadcast: 16777216 Bytes -> Algo RING proto SIMPLE channel{Lo..Hi}={0..1}
sg-admin-260624-2348f-default0-0:3309791:3309791 [0] NCCL INFO Broadcast: 67108864 Bytes -> Algo RING proto SIMPLE channel{Lo..Hi}={0..1}
sg-admin-260624-2348f-default0-0:3309791:3309791 [0] NCCL INFO Broadcast: 67108864 Bytes -> Algo RING proto SIMPLE channel{Lo..Hi}={0..1}
sg-admin-260624-2348f-default0-0:3309791:3309791 [0] NCCL INFO Broadcast: 67108864 Bytes -> Algo RING proto SIMPLE channel{Lo..Hi}={0..1}
sg-admin-260624-2348f-default0-0:3309791:3309791 [0] NCCL INFO AllReduce: 4 Bytes -> Algo RING proto LL channel{Lo..Hi}={0..0}
sg-admin-260624-2348f-default0-0:3309791:3309791 [0] NCCL INFO AllReduce: 4 Bytes -> Algo RING proto LL channel{Lo..Hi}={0..0}
sg-admin-260624-2348f-default0-0:3309791:3309791 [0] NCCL INFO Broadcast: 67108864 Bytes -> Algo RING proto SIMPLE channel{Lo..Hi}={0..1}
sg-admin-260624-2348f-default0-0:3309791:3309791 [0] NCCL INFO AllReduce: 4 Bytes -> Algo RING proto LL channel{Lo..Hi}={0..0}
sg-admin-260624-2348f-default0-0:3309791:3309791 [0] NCCL INFO Broadcast: 67108864 Bytes -> Algo RING proto SIMPLE channel{Lo..Hi}={0..1}
sg-admin-260624-2348f-default0-0:3309791:3309791 [0] NCCL INFO AllReduce: 4 Bytes -> Algo RING proto LL channel{Lo..Hi}={0..0}
sg-admin-260624-2348f-default0-0:3309791:3309791 [0] NCCL INFO Broadcast: 67108864 Bytes -> Algo RING proto SIMPLE channel{Lo..Hi}={0..1}
sg-admin-260624-2348f-default0-0:3309791:3309791 [0] NCCL INFO AllReduce: 4 Bytes -> Algo RING proto LL channel{Lo..Hi}={0..0}
sg-admin-260624-2348f-default0-0:3309791:3309791 [0] NCCL INFO Broadcast: 67108864 Bytes -> Algo RING proto SIMPLE channel{Lo..Hi}={0..1}
sg-admin-260624-2348f-default0-0:3309791:3309791 [0] NCCL INFO AllReduce: 4 Bytes -> Algo RING proto LL channel{Lo..Hi}={0..0}
sg-admin-260624-2348f-default0-0:3309791:3309791 [0] NCCL INFO Broadcast: 67108864 Bytes -> Algo RING proto SIMPLE channel{Lo..Hi}={0..1}
sg-admin-260624-2348f-default0-0:3309791:3309791 [0] NCCL INFO AllReduce: 4 Bytes -> Algo RING proto LL channel{Lo..Hi}={0..0}
sg-admin-260624-2348f-default0-0:3309791:3309791 [0] NCCL INFO Broadcast: 67108864 Bytes -> Algo RING proto SIMPLE channel{Lo..Hi}={0..1}
sg-admin-260624-2348f-default0-0:3309791:3309791 [0] NCCL INFO AllReduce: 4 Bytes -> Algo RING proto LL channel{Lo..Hi}={0..0}
sg-admin-260624-2348f-default0-0:3309791:3309791 [0] NCCL INFO Broadcast: 67108864 Bytes -> Algo RING proto SIMPLE channel{Lo..Hi}={0..1}
sg-admin-260624-2348f-default0-0:3309791:3309791 [0] NCCL INFO AllReduce: 4 Bytes -> Algo RING proto LL channel{Lo..Hi}={0..0}
sg-admin-260624-2348f-default0-0:3309791:3309791 [0] NCCL INFO Broadcast: 67108864 Bytes -> Algo RING proto SIMPLE channel{Lo..Hi}={0..1}
sg-admin-260624-2348f-default0-0:3309791:3309791 [0] NCCL INFO Broadcast: 268435456 Bytes -> Algo RING proto SIMPLE channel{Lo..Hi}={0..1}
sg-admin-260624-2348f-default0-0:3309791:3309791 [0] NCCL INFO Broadcast: 268435456 Bytes -> Algo RING proto SIMPLE channel{Lo..Hi}={0..1}
sg-admin-260624-2348f-default0-0:3309791:3309791 [0] NCCL INFO Broadcast: 268435456 Bytes -> Algo RING proto SIMPLE channel{Lo..Hi}={0..1}
sg-admin-260624-2348f-default0-0:3309791:3309791 [0] NCCL INFO AllReduce: 4 Bytes -> Algo RING proto LL channel{Lo..Hi}={0..0}
sg-admin-260624-2348f-default0-0:3309791:3309791 [0] NCCL INFO AllReduce: 4 Bytes -> Algo RING proto LL channel{Lo..Hi}={0..0}
sg-admin-260624-2348f-default0-0:3309791:3309791 [0] NCCL INFO Broadcast: 268435456 Bytes -> Algo RING proto SIMPLE channel{Lo..Hi}={0..1}
sg-admin-260624-2348f-default0-0:3309791:3309791 [0] NCCL INFO AllReduce: 4 Bytes -> Algo RING proto LL channel{Lo..Hi}={0..0}
sg-admin-260624-2348f-default0-0:3309791:3309791 [0] NCCL INFO Broadcast: 268435456 Bytes -> Algo RING proto SIMPLE channel{Lo..Hi}={0..1}
sg-admin-260624-2348f-default0-0:3309791:3309791 [0] NCCL INFO AllReduce: 4 Bytes -> Algo RING proto LL channel{Lo..Hi}={0..0}
sg-admin-260624-2348f-default0-0:3309791:3309791 [0] NCCL INFO Broadcast: 268435456 Bytes -> Algo RING proto SIMPLE channel{Lo..Hi}={0..1}
sg-admin-260624-2348f-default0-0:3309791:3309791 [0] NCCL INFO AllReduce: 4 Bytes -> Algo RING proto LL channel{Lo..Hi}={0..0}
sg-admin-260624-2348f-default0-0:3309791:3309791 [0] NCCL INFO Broadcast: 268435456 Bytes -> Algo RING proto SIMPLE channel{Lo..Hi}={0..1}
sg-admin-260624-2348f-default0-0:3309791:3309791 [0] NCCL INFO AllReduce: 4 Bytes -> Algo RING proto LL channel{Lo..Hi}={0..0}
sg-admin-260624-2348f-default0-0:3309791:3309791 [0] NCCL INFO Broadcast: 268435456 Bytes -> Algo RING proto SIMPLE channel{Lo..Hi}={0..1}
sg-admin-260624-2348f-default0-0:3309791:3309791 [0] NCCL INFO AllReduce: 4 Bytes -> Algo RING proto LL channel{Lo..Hi}={0..0}
sg-admin-260624-2348f-default0-0:3309791:3309791 [0] NCCL INFO Broadcast: 268435456 Bytes -> Algo RING proto SIMPLE channel{Lo..Hi}={0..1}
sg-admin-260624-2348f-default0-0:3309791:3309791 [0] NCCL INFO AllReduce: 4 Bytes -> Algo RING proto LL channel{Lo..Hi}={0..0}
sg-admin-260624-2348f-default0-0:3309791:3309791 [0] NCCL INFO Broadcast: 268435456 Bytes -> Algo RING proto SIMPLE channel{Lo..Hi}={0..1}
sg-admin-260624-2348f-default0-0:3309791:3309791 [0] NCCL INFO AllReduce: 4 Bytes -> Algo RING proto LL channel{Lo..Hi}={0..0}
sg-admin-260624-2348f-default0-0:3309791:3309791 [0] NCCL INFO Broadcast: 268435456 Bytes -> Algo RING proto SIMPLE channel{Lo..Hi}={0..1}
sg-admin-260624-2348f-default0-0:3309791:3309791 [0] NCCL INFO AllReduce: 4 Bytes -> Algo RING proto LL channel{Lo..Hi}={0..0}
sg-admin-260624-2348f-default0-0:3309791:3309857 [0] NCCL INFO New proxy recv connection 4 from local rank 0, transport 2
sg-admin-260624-2348f-default0-0:3309791:3309791 [0] NCCL INFO Connected to proxy localRank 0 -> connection 0x79a80c0051c0
sg-admin-260624-2348f-default0-0:3309791:3309791 [0] NCCL INFO Channel 01/1 : 1[0] -> 0[0] [receive] via NET/Socket/0/Shared
sg-admin-260624-2348f-default0-0:3309791:3309857 [0] NCCL INFO New proxy send connection 5 from local rank 0, transport 2
sg-admin-260624-2348f-default0-0:3309791:3309791 [0] NCCL INFO Connected to proxy localRank 0 -> connection 0x79a80c005248
sg-admin-260624-2348f-default0-0:3309791:3309791 [0] NCCL INFO Channel 01/1 : 0[0] -> 1[0] [send] via NET/Socket/0/Shared
sg-admin-260624-2348f-default0-0:3309791:3309791 [0] NCCL INFO AllReduce: 4 Bytes -> Algo RING proto LL channel{Lo..Hi}={0..0}
sg-admin-260624-2348f-default0-0:3309791:3309791 [0] NCCL INFO AllReduce: 4 Bytes -> Algo RING proto LL channel{Lo..Hi}={0..0}
sg-admin-260624-2348f-default0-0:3309791:3309791 [0] NCCL INFO AllReduce: 4 Bytes -> Algo RING proto LL channel{Lo..Hi}={0..0}
sg-admin-260624-2348f-default0-0:3309791:3309791 [0] NCCL INFO AllReduce: 4 Bytes -> Algo RING proto LL channel{Lo..Hi}={0..0}
sg-admin-260624-2348f-default0-0:3309791:3309791 [0] NCCL INFO AllReduce: 4 Bytes -> Algo RING proto LL channel{Lo..Hi}={0..0}
sg-admin-260624-2348f-default0-0:3309791:3309791 [0] NCCL INFO AllReduce: 4 Bytes -> Algo RING proto LL channel{Lo..Hi}={0..0}
sg-admin-260624-2348f-default0-0:3309791:3309791 [0] NCCL INFO AllReduce: 4 Bytes -> Algo RING proto LL channel{Lo..Hi}={0..0}
sg-admin-260624-2348f-default0-0:3309791:3309791 [0] NCCL INFO AllReduce: 4 Bytes -> Algo RING proto LL channel{Lo..Hi}={0..0}
sg-admin-260624-2348f-default0-0:3309791:3309791 [0] NCCL INFO AllReduce: 4 Bytes -> Algo RING proto LL channel{Lo..Hi}={0..0}
sg-admin-260624-2348f-default0-0:3309791:3309791 [0] NCCL INFO AllReduce: 4 Bytes -> Algo RING proto LL channel{Lo..Hi}={0..0}
sg-admin-260624-2348f-default0-0:3309791:3309791 [0] NCCL INFO AllReduce: 4 Bytes -> Algo RING proto LL channel{Lo..Hi}={0..0}
sg-admin-260624-2348f-default0-0:3309791:3309791 [0] NCCL INFO AllReduce: 4 Bytes -> Algo RING proto LL channel{Lo..Hi}={0..0}
sg-admin-260624-2348f-default0-0:3309791:3309791 [0] NCCL INFO AllReduce: 4 Bytes -> Algo RING proto LL channel{Lo..Hi}={0..0}
sg-admin-260624-2348f-default0-0:3309791:3309791 [0] NCCL INFO AllReduce: 4 Bytes -> Algo RING proto LL channel{Lo..Hi}={0..0}
sg-admin-260624-2348f-default0-0:3309791:3309791 [0] NCCL INFO AllReduce: 4 Bytes -> Algo RING proto LL channel{Lo..Hi}={0..0}
sg-admin-260624-2348f-default0-0:3309791:3309791 [0] NCCL INFO AllReduce: 4 Bytes -> Algo RING proto LL channel{Lo..Hi}={0..0}
sg-admin-260624-2348f-default0-0:3309791:3309791 [0] NCCL INFO AllReduce: 4 Bytes -> Algo RING proto LL channel{Lo..Hi}={0..0}
sg-admin-260624-2348f-default0-0:3309791:3309791 [0] NCCL INFO AllReduce: 4 Bytes -> Algo RING proto LL channel{Lo..Hi}={0..0}
sg-admin-260624-2348f-default0-0:3309791:3309791 [0] NCCL INFO AllReduce: 4 Bytes -> Algo RING proto LL channel{Lo..Hi}={0..0}
sg-admin-260624-2348f-default0-0:3309791:3309791 [0] NCCL INFO AllReduce: 4 Bytes -> Algo RING proto LL channel{Lo..Hi}={0..0}
sg-admin-260624-2348f-default0-0:3309791:3309791 [0] NCCL INFO AllReduce: 4 Bytes -> Algo RING proto LL channel{Lo..Hi}={0..0}
sg-admin-260624-2348f-default0-0:3309791:3309791 [0] NCCL INFO AllReduce: 4 Bytes -> Algo RING proto LL channel{Lo..Hi}={0..0}
sg-admin-260624-2348f-default0-0:3309791:3309791 [0] NCCL INFO AllReduce: 4 Bytes -> Algo RING proto LL channel{Lo..Hi}={0..0}
sg-admin-260624-2348f-default0-0:3309791:3309791 [0] NCCL INFO AllReduce: 4 Bytes -> Algo RING proto LL channel{Lo..Hi}={0..0}
sg-admin-260624-2348f-default0-0:3309791:3309791 [0] NCCL INFO AllReduce: 4 Bytes -> Algo RING proto LL channel{Lo..Hi}={0..0}
sg-admin-260624-2348f-default0-0:3309791:3309791 [0] NCCL INFO AllReduce: 4 Bytes -> Algo RING proto LL channel{Lo..Hi}={0..0}
sg-admin-260624-2348f-default0-0:3309791:3309791 [0] NCCL INFO AllReduce: 4 Bytes -> Algo RING proto LL channel{Lo..Hi}={0..0}
sg-admin-260624-2348f-default0-0:3309791:3309791 [0] NCCL INFO AllReduce: 4 Bytes -> Algo RING proto LL channel{Lo..Hi}={0..0}
sg-admin-260624-2348f-default0-0:3309791:3309791 [0] NCCL INFO AllReduce: 4 Bytes -> Algo RING proto LL channel{Lo..Hi}={0..0}
sg-admin-260624-2348f-default0-0:3309791:3309791 [0] NCCL INFO AllReduce: 4 Bytes -> Algo RING proto LL channel{Lo..Hi}={0..0}
sg-admin-260624-2348f-default0-0:3309791:3309791 [0] NCCL INFO AllReduce: 4 Bytes -> Algo RING proto LL channel{Lo..Hi}={0..0}
sg-admin-260624-2348f-default0-0:3309791:3309791 [0] NCCL INFO AllReduce: 4 Bytes -> Algo RING proto LL channel{Lo..Hi}={0..0}
sg-admin-260624-2348f-default0-0:3309791:3309791 [0] NCCL INFO AllReduce: 4 Bytes -> Algo RING proto LL channel{Lo..Hi}={0..0}
sg-admin-260624-2348f-default0-0:3309791:3309791 [0] NCCL INFO AllReduce: 4 Bytes -> Algo RING proto LL channel{Lo..Hi}={0..0}
sg-admin-260624-2348f-default0-0:3309791:3309791 [0] NCCL INFO AllReduce: 4 Bytes -> Algo RING proto LL channel{Lo..Hi}={0..0}
sg-admin-260624-2348f-default0-0:3309791:3309791 [0] NCCL INFO AllReduce: 4 Bytes -> Algo RING proto LL channel{Lo..Hi}={0..0}
sg-admin-260624-2348f-default0-0:3309791:3309791 [0] NCCL INFO AllReduce: 4 Bytes -> Algo RING proto LL channel{Lo..Hi}={0..0}
sg-admin-260624-2348f-default0-0:3309791:3309791 [0] NCCL INFO AllReduce: 4 Bytes -> Algo RING proto LL channel{Lo..Hi}={0..0}
sg-admin-260624-2348f-default0-0:3309791:3309791 [0] NCCL INFO AllReduce: 4 Bytes -> Algo RING proto LL channel{Lo..Hi}={0..0}
sg-admin-260624-2348f-default0-0:3309791:3309791 [0] NCCL INFO AllReduce: 4 Bytes -> Algo RING proto LL channel{Lo..Hi}={0..0}
sg-admin-260624-2348f-default0-0:3309791:3309791 [0] NCCL INFO AllReduce: 4 Bytes -> Algo RING proto LL channel{Lo..Hi}={0..0}
sg-admin-260624-2348f-default0-0:3309791:3309791 [0] NCCL INFO AllReduce: 4 Bytes -> Algo RING proto LL channel{Lo..Hi}={0..0}
sg-admin-260624-2348f-default0-0:3309791:3309791 [0] NCCL INFO AllReduce: 4 Bytes -> Algo RING proto LL channel{Lo..Hi}={0..0}
sg-admin-260624-2348f-default0-0:3309791:3309791 [0] NCCL INFO AllReduce: 4 Bytes -> Algo RING proto LL channel{Lo..Hi}={0..0}
sg-admin-260624-2348f-default0-0:3309791:3309791 [0] NCCL INFO AllReduce: 4 Bytes -> Algo RING proto LL channel{Lo..Hi}={0..0}
sg-admin-260624-2348f-default0-0:3309791:3309791 [0] NCCL INFO AllReduce: 4 Bytes -> Algo RING proto LL channel{Lo..Hi}={0..0}
sg-admin-260624-2348f-default0-0:3309791:3309791 [0] NCCL INFO AllReduce: 4 Bytes -> Algo RING proto LL channel{Lo..Hi}={0..0}
sg-admin-260624-2348f-default0-0:3309791:3309791 [0] NCCL INFO AllReduce: 4 Bytes -> Algo RING proto LL channel{Lo..Hi}={0..0}
sg-admin-260624-2348f-default0-0:3309791:3309791 [0] NCCL INFO AllReduce: 4 Bytes -> Algo RING proto LL channel{Lo..Hi}={0..0}
sg-admin-260624-2348f-default0-0:3309791:3309791 [0] NCCL INFO AllReduce: 4 Bytes -> Algo RING proto LL channel{Lo..Hi}={0..0}
sg-admin-260624-2348f-default0-0:3309791:3309791 [0] NCCL INFO AllReduce: 4 Bytes -> Algo RING proto LL channel{Lo..Hi}={0..0}
sg-admin-260624-2348f-default0-0:3309791:3309791 [0] NCCL INFO AllReduce: 4 Bytes -> Algo RING proto LL channel{Lo..Hi}={0..0}
sg-admin-260624-2348f-default0-0:3309791:3309791 [0] NCCL INFO AllReduce: 4 Bytes -> Algo RING proto LL channel{Lo..Hi}={0..0}
sg-admin-260624-2348f-default0-0:3309791:3309791 [0] NCCL INFO AllReduce: 4 Bytes -> Algo RING proto LL channel{Lo..Hi}={0..0}
sg-admin-260624-2348f-default0-0:3309791:3309791 [0] NCCL INFO AllReduce: 4 Bytes -> Algo RING proto LL channel{Lo..Hi}={0..0}
sg-admin-260624-2348f-default0-0:3309791:3309791 [0] NCCL INFO AllReduce: 4 Bytes -> Algo RING proto LL channel{Lo..Hi}={0..0}
sg-admin-260624-2348f-default0-0:3309791:3309791 [0] NCCL INFO AllReduce: 4 Bytes -> Algo RING proto LL channel{Lo..Hi}={0..0}
sg-admin-260624-2348f-default0-0:3309791:3309791 [0] NCCL INFO AllReduce: 4 Bytes -> Algo RING proto LL channel{Lo..Hi}={0..0}
sg-admin-260624-2348f-default0-0:3309791:3309791 [0] NCCL INFO AllReduce: 4 Bytes -> Algo RING proto LL channel{Lo..Hi}={0..0}
sg-admin-260624-2348f-default0-0:3309791:3309791 [0] NCCL INFO AllReduce: 4 Bytes -> Algo RING proto LL channel{Lo..Hi}={0..0}
sg-admin-260624-2348f-default0-0:3309791:3309791 [0] NCCL INFO AllReduce: 4 Bytes -> Algo RING proto LL channel{Lo..Hi}={0..0}
sg-admin-260624-2348f-default0-0:3309791:3309791 [0] NCCL INFO AllReduce: 4 Bytes -> Algo RING proto LL channel{Lo..Hi}={0..0}
sg-admin-260624-2348f-default0-0:3309791:3309791 [0] NCCL INFO AllReduce: 4 Bytes -> Algo RING proto LL channel{Lo..Hi}={0..0}
sg-admin-260624-2348f-default0-0:3309791:3309791 [0] NCCL INFO AllReduce: 4 Bytes -> Algo RING proto LL channel{Lo..Hi}={0..0}
sg-admin-260624-2348f-default0-0:3309791:3309791 [0] NCCL INFO AllReduce: 4 Bytes -> Algo RING proto LL channel{Lo..Hi}={0..0}
sg-admin-260624-2348f-default0-0:3309791:3309791 [0] NCCL INFO AllReduce: 4 Bytes -> Algo RING proto LL channel{Lo..Hi}={0..0}
sg-admin-260624-2348f-default0-0:3309791:3309791 [0] NCCL INFO AllReduce: 4 Bytes -> Algo RING proto LL channel{Lo..Hi}={0..0}
sg-admin-260624-2348f-default0-0:3309791:3309791 [0] NCCL INFO AllReduce: 4 Bytes -> Algo RING proto LL channel{Lo..Hi}={0..0}
sg-admin-260624-2348f-default0-0:3309791:3309791 [0] NCCL INFO AllReduce: 4 Bytes -> Algo RING proto LL channel{Lo..Hi}={0..0}
sg-admin-260624-2348f-default0-0:3309791:3309791 [0] NCCL INFO AllReduce: 4 Bytes -> Algo RING proto LL channel{Lo..Hi}={0..0}
sg-admin-260624-2348f-default0-0:3309791:3309791 [0] NCCL INFO AllReduce: 4 Bytes -> Algo RING proto LL channel{Lo..Hi}={0..0}
sg-admin-260624-2348f-default0-0:3309791:3309791 [0] NCCL INFO AllReduce: 4 Bytes -> Algo RING proto LL channel{Lo..Hi}={0..0}
sg-admin-260624-2348f-default0-0:3309791:3309791 [0] NCCL INFO AllReduce: 4 Bytes -> Algo RING proto LL channel{Lo..Hi}={0..0}
sg-admin-260624-2348f-default0-0:3309791:3309791 [0] NCCL INFO AllReduce: 4 Bytes -> Algo RING proto LL channel{Lo..Hi}={0..0}
sg-admin-260624-2348f-default0-0:3309791:3309791 [0] NCCL INFO AllReduce: 4 Bytes -> Algo RING proto LL channel{Lo..Hi}={0..0}
sg-admin-260624-2348f-default0-0:3309791:3309791 [0] NCCL INFO AllReduce: 4 Bytes -> Algo RING proto LL channel{Lo..Hi}={0..0}
sg-admin-260624-2348f-default0-0:3309791:3309791 [0] NCCL INFO AllReduce: 4 Bytes -> Algo RING proto LL channel{Lo..Hi}={0..0}
sg-admin-260624-2348f-default0-0:3309791:3309791 [0] NCCL INFO AllReduce: 4 Bytes -> Algo RING proto LL channel{Lo..Hi}={0..0}
sg-admin-260624-2348f-default0-0:3309791:3309791 [0] NCCL INFO AllReduce: 4 Bytes -> Algo RING proto LL channel{Lo..Hi}={0..0}
sg-admin-260624-2348f-default0-0:3309791:3309791 [0] NCCL INFO AllReduce: 4 Bytes -> Algo RING proto LL channel{Lo..Hi}={0..0}
sg-admin-260624-2348f-default0-0:3309791:3309791 [0] NCCL INFO AllReduce: 4 Bytes -> Algo RING proto LL channel{Lo..Hi}={0..0}
sg-admin-260624-2348f-default0-0:3309791:3309791 [0] NCCL INFO AllReduce: 4 Bytes -> Algo RING proto LL channel{Lo..Hi}={0..0}
sg-admin-260624-2348f-default0-0:3309791:3309791 [0] NCCL INFO AllReduce: 4 Bytes -> Algo RING proto LL channel{Lo..Hi}={0..0}
sg-admin-260624-2348f-default0-0:3309791:3309791 [0] NCCL INFO AllReduce: 4 Bytes -> Algo RING proto LL channel{Lo..Hi}={0..0}
sg-admin-260624-2348f-default0-0:3309791:3309791 [0] NCCL INFO AllReduce: 4 Bytes -> Algo RING proto LL channel{Lo..Hi}={0..0}
sg-admin-260624-2348f-default0-0:3309791:3309791 [0] NCCL INFO AllReduce: 4 Bytes -> Algo RING proto LL channel{Lo..Hi}={0..0}
sg-admin-260624-2348f-default0-0:3309791:3309791 [0] NCCL INFO AllReduce: 4 Bytes -> Algo RING proto LL channel{Lo..Hi}={0..0}
sg-admin-260624-2348f-default0-0:3309791:3309791 [0] NCCL INFO AllReduce: 4 Bytes -> Algo RING proto LL channel{Lo..Hi}={0..0}
sg-admin-260624-2348f-default0-0:3309791:3309791 [0] NCCL INFO AllReduce: 4 Bytes -> Algo RING proto LL channel{Lo..Hi}={0..0}
sg-admin-260624-2348f-default0-0:3309791:3309791 [0] NCCL INFO AllReduce: 4 Bytes -> Algo RING proto LL channel{Lo..Hi}={0..0}
sg-admin-260624-2348f-default0-0:3309791:3309791 [0] NCCL INFO AllReduce: 4 Bytes -> Algo RING proto LL channel{Lo..Hi}={0..0}
sg-admin-260624-2348f-default0-0:3309791:3309791 [0] NCCL INFO AllReduce: 4 Bytes -> Algo RING proto LL channel{Lo..Hi}={0..0}
sg-admin-260624-2348f-default0-0:3309791:3309791 [0] NCCL INFO AllReduce: 4 Bytes -> Algo RING proto LL channel{Lo..Hi}={0..0}
sg-admin-260624-2348f-default0-0:3309791:3309791 [0] NCCL INFO AllReduce: 4 Bytes -> Algo RING proto LL channel{Lo..Hi}={0..0}
sg-admin-260624-2348f-default0-0:3309791:3309791 [0] NCCL INFO AllReduce: 4 Bytes -> Algo RING proto LL channel{Lo..Hi}={0..0}
sg-admin-260624-2348f-default0-0:3309791:3309791 [0] NCCL INFO AllReduce: 4 Bytes -> Algo RING proto LL channel{Lo..Hi}={0..0}
sg-admin-260624-2348f-default0-0:3309791:3309791 [0] NCCL INFO AllReduce: 4 Bytes -> Algo RING proto LL channel{Lo..Hi}={0..0}
sg-admin-260624-2348f-default0-0:3309791:3309791 [0] NCCL INFO AllReduce: 4 Bytes -> Algo RING proto LL channel{Lo..Hi}={0..0}
sg-admin-260624-2348f-default0-0:3309791:3309791 [0] NCCL INFO AllReduce: 4 Bytes -> Algo RING proto LL channel{Lo..Hi}={0..0}
sg-admin-260624-2348f-default0-0:3309791:3309791 [0] NCCL INFO AllReduce: 4 Bytes -> Algo RING proto LL channel{Lo..Hi}={0..0}
sg-admin-260624-2348f-default0-0:3309791:3309791 [0] NCCL INFO AllReduce: 4 Bytes -> Algo RING proto LL channel{Lo..Hi}={0..0}
sg-admin-260624-2348f-default0-0:3309791:3309791 [0] NCCL INFO AllReduce: 4 Bytes -> Algo RING proto LL channel{Lo..Hi}={0..0}
sg-admin-260624-2348f-default0-0:3309791:3309791 [0] NCCL INFO AllReduce: 4 Bytes -> Algo RING proto LL channel{Lo..Hi}={0..0}
sg-admin-260624-2348f-default0-0:3309791:3309791 [0] NCCL INFO AllReduce: 4 Bytes -> Algo RING proto LL channel{Lo..Hi}={0..0}
sg-admin-260624-2348f-default0-0:3309791:3309791 [0] NCCL INFO AllReduce: 4 Bytes -> Algo RING proto LL channel{Lo..Hi}={0..0}
sg-admin-260624-2348f-default0-0:3309791:3309791 [0] NCCL INFO AllReduce: 4 Bytes -> Algo RING proto LL channel{Lo..Hi}={0..0}
sg-admin-260624-2348f-default0-0:3309791:3309791 [0] NCCL INFO AllReduce: 4 Bytes -> Algo RING proto LL channel{Lo..Hi}={0..0}
sg-admin-260624-2348f-default0-0:3309791:3309791 [0] NCCL INFO AllReduce: 4 Bytes -> Algo RING proto LL channel{Lo..Hi}={0..0}
sg-admin-260624-2348f-default0-0:3309791:3309791 [0] NCCL INFO AllReduce: 4 Bytes -> Algo RING proto LL channel{Lo..Hi}={0..0}
sg-admin-260624-2348f-default0-0:3309791:3309791 [0] NCCL INFO AllReduce: 4 Bytes -> Algo RING proto LL channel{Lo..Hi}={0..0}
sg-admin-260624-2348f-default0-0:3309791:3309791 [0] NCCL INFO AllReduce: 4 Bytes -> Algo RING proto LL channel{Lo..Hi}={0..0}
sg-admin-260624-2348f-default0-0:3309791:3309791 [0] NCCL INFO AllReduce: 4 Bytes -> Algo RING proto LL channel{Lo..Hi}={0..0}
sg-admin-260624-2348f-default0-0:3309791:3309791 [0] NCCL INFO AllReduce: 4 Bytes -> Algo RING proto LL channel{Lo..Hi}={0..0}
sg-admin-260624-2348f-default0-0:3309791:3309791 [0] NCCL INFO comm 0x13de7160 rank 0 nranks 2 cudaDev 0 busId 1000 - Destroy COMPLETE
sg-admin-260624-2348f-default0-0:3309791:3309791 [0] NCCL INFO ENV/Plugin: Closing env plugin ncclEnvDefault
